Copyright 1986-2022 Xilinx, Inc. All Rights Reserved. Copyright 2022-2026 Advanced Micro Devices, Inc. All Rights Reserved.
------------------------------------------------------------------------------------------------------------------------------------------------------------------------------------------------------------------------------------------------------
| Tool Version : Vivado v.2026.1 (win64) Build 6511674 Tue Jun 16 11:02:23 MDT 2026
| Date         : Mon Aug 31 15:41:27 2026
| Host         : Nexus running 64-bit major release  (build 9200)
| Command      : report_timing_summary -max_paths 10 -routable_nets -report_unconstrained -file cpu_basys3_top_timing_summary_routed.rpt -pb cpu_basys3_top_timing_summary_routed.pb -rpx cpu_basys3_top_timing_summary_routed.rpx -warn_on_violation
| Design       : cpu_basys3_top
| Device       : 7a35t-cpg236
| Speed File   : -1  PRODUCTION 1.23 2018-06-13
| Design State : Routed
------------------------------------------------------------------------------------------------------------------------------------------------------------------------------------------------------------------------------------------------------

Timing Summary Report

------------------------------------------------------------------------------------------------
| Timer Settings
| --------------
------------------------------------------------------------------------------------------------

  Enable Multi Corner Analysis               :  Yes
  Enable Pessimism Removal                   :  Yes
  Pessimism Removal Resolution               :  Nearest Common Node
  Enable Input Delay Default Clock           :  No
  Enable Preset / Clear Arcs                 :  No
  Disable Flight Delays                      :  No
  Ignore I/O Paths                           :  No
  Timing Early Launch at Borrowing Latches   :  No
  Borrow Time for Max Delay Exceptions       :  Yes
  Merge Timing Exceptions                    :  Yes
  Inter-SLR Compensation                     :  Conservative

  Corner  Analyze    Analyze    
  Name    Max Paths  Min Paths  
  ------  ---------  ---------  
  Slow    Yes        Yes        
  Fast    Yes        Yes        


------------------------------------------------------------------------------------------------
| Report Methodology
| ------------------
------------------------------------------------------------------------------------------------

Rule       Severity          Description                                 Violations  
---------  ----------------  ------------------------------------------  ----------  
TIMING-17  Critical Warning  Non-clocked sequential cell                 134         
SYNTH-6    Warning           Timing of a RAM block might be sub-optimal  2           
TIMING-18  Warning           Missing input or output delay               12          
TIMING-20  Warning           Non-clocked latch                           22          
LATCH-1    Advisory          Existing latches in the design              1           

Note: This report is based on the most recent report_methodology run and may not be up-to-date. Run report_methodology on the current design for the latest report.



check_timing report

Table of Contents
-----------------
1. checking no_clock (354)
2. checking constant_clock (0)
3. checking pulse_width_clock (0)
4. checking unconstrained_internal_endpoints (386)
5. checking no_input_delay (2)
6. checking no_output_delay (27)
7. checking multiple_clock (0)
8. checking generated_clocks (0)
9. checking loops (0)
10. checking partial_input_delay (0)
11. checking partial_output_delay (0)
12. checking latch_loops (0)

1. checking no_clock (354)
--------------------------
 There are 134 register/latch pins with no clock driven by root clock pin: BTNC (HIGH)

 There are 134 register/latch pins with no clock driven by root clock pin: btn_prev_reg/Q (HIGH)

 There are 22 register/latch pins with no clock driven by root clock pin: cpu/control_unit/FSM_onehot_present_state_reg[0]/Q (HIGH)

 There are 20 register/latch pins with no clock driven by root clock pin: cpu/control_unit/FSM_onehot_present_state_reg[1]/Q (HIGH)

 There are 22 register/latch pins with no clock driven by root clock pin: cpu/control_unit/FSM_onehot_present_state_reg[2]/Q (HIGH)

 There are 22 register/latch pins with no clock driven by root clock pin: cpu/reset/Enable_PD_reg/Q (HIGH)


2. checking constant_clock (0)
------------------------------
 There are 0 register/latch pins with constant_clock.


3. checking pulse_width_clock (0)
---------------------------------
 There are 0 register/latch pins which need pulse_width check


4. checking unconstrained_internal_endpoints (386)
--------------------------------------------------
 There are 386 pins that are not constrained for maximum delay. (HIGH)

 There are 0 pins that are not constrained for maximum delay due to constant clock.


5. checking no_input_delay (2)
------------------------------
 There are 2 input ports with no input delay specified. (HIGH)

 There are 0 input ports with no input delay but user has a false path constraint.


6. checking no_output_delay (27)
--------------------------------
 There are 27 ports with no output delay specified. (HIGH)

 There are 0 ports with no output delay but user has a false path constraint

 There are 0 ports with no output delay but with a timing clock defined on it or propagating through it


7. checking multiple_clock (0)
------------------------------
 There are 0 register/latch pins with multiple clocks.


8. checking generated_clocks (0)
--------------------------------
 There are 0 generated clocks that are not connected to a clock source.


9. checking loops (0)
---------------------
 There are 0 combinational loops in the design.


10. checking partial_input_delay (0)
------------------------------------
 There are 0 input ports with partial input delay specified.


11. checking partial_output_delay (0)
-------------------------------------
 There are 0 ports with partial output delay specified.


12. checking latch_loops (0)
----------------------------
 There are 0 combinational latch loops in the design through latch input



------------------------------------------------------------------------------------------------
| Design Timing Summary
| ---------------------
------------------------------------------------------------------------------------------------

    WNS(ns)      TNS(ns)  TNS Failing Endpoints  TNS Total Endpoints      WHS(ns)      THS(ns)  THS Failing Endpoints  THS Total Endpoints     WPWS(ns)     TPWS(ns)  TPWS Failing Endpoints  TPWS Total Endpoints  
    -------      -------  ---------------------  -------------------      -------      -------  ---------------------  -------------------     --------     --------  ----------------------  --------------------  
      0.481        0.000                      0                   52        0.324        0.000                      0                   52        4.500        0.000                       0                    26  


All user specified timing constraints are met.


------------------------------------------------------------------------------------------------
| Clock Summary
| -------------
------------------------------------------------------------------------------------------------

Clock        Waveform(ns)       Period(ns)      Frequency(MHz)
-----        ------------       ----------      --------------
sys_clk_pin  {0.000 5.000}      10.000          100.000         


------------------------------------------------------------------------------------------------
| Intra Clock Table
| -----------------
------------------------------------------------------------------------------------------------

Clock             WNS(ns)      TNS(ns)  TNS Failing Endpoints  TNS Total Endpoints      WHS(ns)      THS(ns)  THS Failing Endpoints  THS Total Endpoints     WPWS(ns)     TPWS(ns)  TPWS Failing Endpoints  TPWS Total Endpoints  
-----             -------      -------  ---------------------  -------------------      -------      -------  ---------------------  -------------------     --------     --------  ----------------------  --------------------  
sys_clk_pin         0.481        0.000                      0                   52        0.324        0.000                      0                   52        4.500        0.000                       0                    26  


------------------------------------------------------------------------------------------------
| Inter Clock Table
| -----------------
------------------------------------------------------------------------------------------------

From Clock    To Clock          WNS(ns)      TNS(ns)  TNS Failing Endpoints  TNS Total Endpoints      WHS(ns)      THS(ns)  THS Failing Endpoints  THS Total Endpoints  
----------    --------          -------      -------  ---------------------  -------------------      -------      -------  ---------------------  -------------------  


------------------------------------------------------------------------------------------------
| Other Path Groups Table
| -----------------------
------------------------------------------------------------------------------------------------

Path Group    From Clock    To Clock          WNS(ns)      TNS(ns)  TNS Failing Endpoints  TNS Total Endpoints      WHS(ns)      THS(ns)  THS Failing Endpoints  THS Total Endpoints  
----------    ----------    --------          -------      -------  ---------------------  -------------------      -------      -------  ---------------------  -------------------  


------------------------------------------------------------------------------------------------
| User Ignored Path Table
| -----------------------
------------------------------------------------------------------------------------------------

Path Group    From Clock    To Clock    
----------    ----------    --------    


------------------------------------------------------------------------------------------------
| Unconstrained Path Table
| ------------------------
------------------------------------------------------------------------------------------------

Path Group    From Clock    To Clock    
----------    ----------    --------    
(none)                                    
(none)        sys_clk_pin                 
(none)                      sys_clk_pin   


------------------------------------------------------------------------------------------------
| Timing Details
| --------------
------------------------------------------------------------------------------------------------


---------------------------------------------------------------------------------------------------
From Clock:  sys_clk_pin
  To Clock:  sys_clk_pin

Setup :            0  Failing Endpoints,  Worst Slack        0.481ns,  Total Violation        0.000ns
Hold  :            0  Failing Endpoints,  Worst Slack        0.324ns,  Total Violation        0.000ns
PW    :            0  Failing Endpoints,  Worst Slack        4.500ns,  Total Violation        0.000ns
---------------------------------------------------------------------------------------------------


Max Delay Paths
--------------------------------------------------------------------------------------
Slack (MET) :             0.481ns  (required time - arrival time)
  Source:                 cpu/dat/Data_Mem0/DATAMEM_reg/CLKARDCLK
                            (falling edge-triggered cell RAMB18E1 clocked by sys_clk_pin  {rise@0.000ns fall@5.000ns period=10.000ns})
  Destination:            imem/mem_reg/DIBDI[13]
                            (rising edge-triggered cell RAMB18E1 clocked by sys_clk_pin  {rise@0.000ns fall@5.000ns period=10.000ns})
  Path Group:             sys_clk_pin
  Path Type:              Setup (Max at Slow Process Corner)
  Requirement:            5.000ns  (sys_clk_pin rise@10.000ns - sys_clk_pin fall@5.000ns)
  Data Path Delay:        4.216ns  (logic 2.578ns (61.149%)  route 1.638ns (38.851%))
  Logic Levels:           1  (LUT5=1)
  Clock Path Skew:        -0.027ns (DCD - SCD + CPR)
    Destination Clock Delay (DCD):    4.825ns = ( 14.825 - 10.000 ) 
    Source Clock Delay      (SCD):    5.126ns = ( 10.126 - 5.000 ) 
    Clock Pessimism Removal (CPR):    0.274ns
  Clock Uncertainty:      0.035ns  ((TSJ^2 + TIJ^2)^1/2 + DJ) / 2 + PE
    Total System Jitter     (TSJ):    0.071ns
    Total Input Jitter      (TIJ):    0.000ns
    Discrete Jitter          (DJ):    0.000ns
    Phase Error              (PE):    0.000ns

    Location             Delay type                Incr(ns)  Path(ns)    Netlist Resource(s)
  -------------------------------------------------------------------    -------------------
                         (clock sys_clk_pin fall edge)
                                                      5.000     5.000 f  <hidden>
    W5                                                0.000     5.000 f  CLK100MHZ
                         net (fo=0)                   0.000     5.000    CLK100MHZ
    W5                   IBUF (Prop_ibuf_I_O)         1.458     6.458 f  CLK100MHZ_IBUF_inst/O
                         net (fo=1, routed)           1.967     8.425    CLK100MHZ_IBUF
    BUFGCTRL_X0Y1        BUFG (Prop_bufg_I_O)         0.096     8.521 f  CLK100MHZ_IBUF_BUFG_inst/O
                         net (fo=25, routed)          1.605    10.126    cpu/dat/Data_Mem0/DATAMEM_reg_0
    RAMB18_X1Y12         RAMB18E1                                     r  cpu/dat/Data_Mem0/DATAMEM_reg/CLKARDCLK  (IS_INVERTED)
  -------------------------------------------------------------------    -------------------
    RAMB18_X1Y12         RAMB18E1 (Prop_ramb18e1_CLKARDCLK_DOBDO[15])
                                                      2.454    12.580 r  cpu/dat/Data_Mem0/DATAMEM_reg/DOBDO[15]
                         net (fo=3, routed)           1.189    13.768    cpu/control_unit/DOBDO[15]
    SLICE_X48Y35         LUT5 (Prop_lut5_I2_O)        0.124    13.892 r  cpu/control_unit/mem_reg_i_17/O
                         net (fo=2, routed)           0.449    14.342    imem/cpu_to_mem[31]
    RAMB18_X1Y13         RAMB18E1                                     r  imem/mem_reg/DIBDI[13]
  -------------------------------------------------------------------    -------------------

                         (clock sys_clk_pin rise edge)
                                                     10.000    10.000 r  <hidden>
    W5                                                0.000    10.000 r  CLK100MHZ
                         net (fo=0)                   0.000    10.000    CLK100MHZ
    W5                   IBUF (Prop_ibuf_I_O)         1.388    11.388 r  CLK100MHZ_IBUF_inst/O
                         net (fo=1, routed)           1.862    13.250    CLK100MHZ_IBUF
    BUFGCTRL_X0Y1        BUFG (Prop_bufg_I_O)         0.091    13.341 r  CLK100MHZ_IBUF_BUFG_inst/O
                         net (fo=25, routed)          1.484    14.825    imem/CLK100MHZ_IBUF_BUFG
    RAMB18_X1Y13         RAMB18E1                                     r  imem/mem_reg/CLKBWRCLK
                         clock pessimism              0.274    15.099    <hidden>
                         clock uncertainty           -0.035    15.063    <hidden>
    RAMB18_X1Y13         RAMB18E1 (Setup_ramb18e1_CLKBWRCLK_DIBDI[13])
                                                     -0.241    14.822    imem/mem_reg
  -------------------------------------------------------------------
                         required time                         14.822    <hidden>
                         arrival time                         -14.342    <hidden>
  -------------------------------------------------------------------
                         slack                                  0.481    <hidden>

Slack (MET) :             0.503ns  (required time - arrival time)
  Source:                 cpu/dat/Data_Mem0/DATAMEM_reg/CLKARDCLK
                            (falling edge-triggered cell RAMB18E1 clocked by sys_clk_pin  {rise@0.000ns fall@5.000ns period=10.000ns})
  Destination:            imem/mem_reg/DIADI[9]
                            (rising edge-triggered cell RAMB18E1 clocked by sys_clk_pin  {rise@0.000ns fall@5.000ns period=10.000ns})
  Path Group:             sys_clk_pin
  Path Type:              Setup (Max at Slow Process Corner)
  Requirement:            5.000ns  (sys_clk_pin rise@10.000ns - sys_clk_pin fall@5.000ns)
  Data Path Delay:        4.198ns  (logic 2.578ns (61.407%)  route 1.620ns (38.593%))
  Logic Levels:           1  (LUT5=1)
  Clock Path Skew:        -0.022ns (DCD - SCD + CPR)
    Destination Clock Delay (DCD):    4.828ns = ( 14.828 - 10.000 ) 
    Source Clock Delay      (SCD):    5.126ns = ( 10.126 - 5.000 ) 
    Clock Pessimism Removal (CPR):    0.276ns
  Clock Uncertainty:      0.035ns  ((TSJ^2 + TIJ^2)^1/2 + DJ) / 2 + PE
    Total System Jitter     (TSJ):    0.071ns
    Total Input Jitter      (TIJ):    0.000ns
    Discrete Jitter          (DJ):    0.000ns
    Phase Error              (PE):    0.000ns

    Location             Delay type                Incr(ns)  Path(ns)    Netlist Resource(s)
  -------------------------------------------------------------------    -------------------
                         (clock sys_clk_pin fall edge)
                                                      5.000     5.000 f  <hidden>
    W5                                                0.000     5.000 f  CLK100MHZ
                         net (fo=0)                   0.000     5.000    CLK100MHZ
    W5                   IBUF (Prop_ibuf_I_O)         1.458     6.458 f  CLK100MHZ_IBUF_inst/O
                         net (fo=1, routed)           1.967     8.425    CLK100MHZ_IBUF
    BUFGCTRL_X0Y1        BUFG (Prop_bufg_I_O)         0.096     8.521 f  CLK100MHZ_IBUF_BUFG_inst/O
                         net (fo=25, routed)          1.605    10.126    cpu/dat/Data_Mem0/DATAMEM_reg_0
    RAMB18_X1Y12         RAMB18E1                                     r  cpu/dat/Data_Mem0/DATAMEM_reg/CLKARDCLK  (IS_INVERTED)
  -------------------------------------------------------------------    -------------------
    RAMB18_X1Y12         RAMB18E1 (Prop_ramb18e1_CLKARDCLK_DOADO[9])
                                                      2.454    12.580 r  cpu/dat/Data_Mem0/DATAMEM_reg/DOADO[9]
                         net (fo=1, routed)           1.016    13.596    cpu/dat/Data_Mem0/DATAMEM_reg_n_6
    SLICE_X48Y30         LUT5 (Prop_lut5_I0_O)        0.124    13.720 r  cpu/dat/Data_Mem0/mem_reg_i_7/O
                         net (fo=4, routed)           0.604    14.324    imem/cpu_to_mem[9]
    RAMB18_X1Y13         RAMB18E1                                     r  imem/mem_reg/DIADI[9]
  -------------------------------------------------------------------    -------------------

                         (clock sys_clk_pin rise edge)
                                                     10.000    10.000 r  <hidden>
    W5                                                0.000    10.000 r  CLK100MHZ
                         net (fo=0)                   0.000    10.000    CLK100MHZ
    W5                   IBUF (Prop_ibuf_I_O)         1.388    11.388 r  CLK100MHZ_IBUF_inst/O
                         net (fo=1, routed)           1.862    13.250    CLK100MHZ_IBUF
    BUFGCTRL_X0Y1        BUFG (Prop_bufg_I_O)         0.091    13.341 r  CLK100MHZ_IBUF_BUFG_inst/O
                         net (fo=25, routed)          1.487    14.828    imem/CLK100MHZ_IBUF_BUFG
    RAMB18_X1Y13         RAMB18E1                                     r  imem/mem_reg/CLKARDCLK
                         clock pessimism              0.276    15.104    <hidden>
                         clock uncertainty           -0.035    15.068    <hidden>
    RAMB18_X1Y13         RAMB18E1 (Setup_ramb18e1_CLKARDCLK_DIADI[9])
                                                     -0.241    14.827    imem/mem_reg
  -------------------------------------------------------------------
                         required time                         14.827    <hidden>
                         arrival time                         -14.324    <hidden>
  -------------------------------------------------------------------
                         slack                                  0.503    <hidden>

Slack (MET) :             0.515ns  (required time - arrival time)
  Source:                 cpu/dat/Data_Mem0/DATAMEM_reg/CLKARDCLK
                            (falling edge-triggered cell RAMB18E1 clocked by sys_clk_pin  {rise@0.000ns fall@5.000ns period=10.000ns})
  Destination:            imem/mem_reg/DIBDI[8]
                            (rising edge-triggered cell RAMB18E1 clocked by sys_clk_pin  {rise@0.000ns fall@5.000ns period=10.000ns})
  Path Group:             sys_clk_pin
  Path Type:              Setup (Max at Slow Process Corner)
  Requirement:            5.000ns  (sys_clk_pin rise@10.000ns - sys_clk_pin fall@5.000ns)
  Data Path Delay:        4.181ns  (logic 2.578ns (61.657%)  route 1.603ns (38.343%))
  Logic Levels:           1  (LUT5=1)
  Clock Path Skew:        -0.027ns (DCD - SCD + CPR)
    Destination Clock Delay (DCD):    4.825ns = ( 14.825 - 10.000 ) 
    Source Clock Delay      (SCD):    5.126ns = ( 10.126 - 5.000 ) 
    Clock Pessimism Removal (CPR):    0.274ns
  Clock Uncertainty:      0.035ns  ((TSJ^2 + TIJ^2)^1/2 + DJ) / 2 + PE
    Total System Jitter     (TSJ):    0.071ns
    Total Input Jitter      (TIJ):    0.000ns
    Discrete Jitter          (DJ):    0.000ns
    Phase Error              (PE):    0.000ns

    Location             Delay type                Incr(ns)  Path(ns)    Netlist Resource(s)
  -------------------------------------------------------------------    -------------------
                         (clock sys_clk_pin fall edge)
                                                      5.000     5.000 f  <hidden>
    W5                                                0.000     5.000 f  CLK100MHZ
                         net (fo=0)                   0.000     5.000    CLK100MHZ
    W5                   IBUF (Prop_ibuf_I_O)         1.458     6.458 f  CLK100MHZ_IBUF_inst/O
                         net (fo=1, routed)           1.967     8.425    CLK100MHZ_IBUF
    BUFGCTRL_X0Y1        BUFG (Prop_bufg_I_O)         0.096     8.521 f  CLK100MHZ_IBUF_BUFG_inst/O
                         net (fo=25, routed)          1.605    10.126    cpu/dat/Data_Mem0/DATAMEM_reg_0
    RAMB18_X1Y12         RAMB18E1                                     r  cpu/dat/Data_Mem0/DATAMEM_reg/CLKARDCLK  (IS_INVERTED)
  -------------------------------------------------------------------    -------------------
    RAMB18_X1Y12         RAMB18E1 (Prop_ramb18e1_CLKARDCLK_DOBDO[10])
                                                      2.454    12.580 r  cpu/dat/Data_Mem0/DATAMEM_reg/DOBDO[10]
                         net (fo=3, routed)           1.013    13.593    cpu/dat/Data_Mem0/DOBDO[10]
    SLICE_X48Y30         LUT5 (Prop_lut5_I0_O)        0.124    13.717 r  cpu/dat/Data_Mem0/mem_reg_i_22/O
                         net (fo=2, routed)           0.590    14.307    imem/cpu_to_mem[26]
    RAMB18_X1Y13         RAMB18E1                                     r  imem/mem_reg/DIBDI[8]
  -------------------------------------------------------------------    -------------------

                         (clock sys_clk_pin rise edge)
                                                     10.000    10.000 r  <hidden>
    W5                                                0.000    10.000 r  CLK100MHZ
                         net (fo=0)                   0.000    10.000    CLK100MHZ
    W5                   IBUF (Prop_ibuf_I_O)         1.388    11.388 r  CLK100MHZ_IBUF_inst/O
                         net (fo=1, routed)           1.862    13.250    CLK100MHZ_IBUF
    BUFGCTRL_X0Y1        BUFG (Prop_bufg_I_O)         0.091    13.341 r  CLK100MHZ_IBUF_BUFG_inst/O
                         net (fo=25, routed)          1.484    14.825    imem/CLK100MHZ_IBUF_BUFG
    RAMB18_X1Y13         RAMB18E1                                     r  imem/mem_reg/CLKBWRCLK
                         clock pessimism              0.274    15.099    <hidden>
                         clock uncertainty           -0.035    15.063    <hidden>
    RAMB18_X1Y13         RAMB18E1 (Setup_ramb18e1_CLKBWRCLK_DIBDI[8])
                                                     -0.241    14.822    imem/mem_reg
  -------------------------------------------------------------------
                         required time                         14.822    <hidden>
                         arrival time                         -14.307    <hidden>
  -------------------------------------------------------------------
                         slack                                  0.515    <hidden>

Slack (MET) :             0.517ns  (required time - arrival time)
  Source:                 cpu/dat/Data_Mem0/DATAMEM_reg/CLKARDCLK
                            (falling edge-triggered cell RAMB18E1 clocked by sys_clk_pin  {rise@0.000ns fall@5.000ns period=10.000ns})
  Destination:            imem/mem_reg/DIADI[8]
                            (rising edge-triggered cell RAMB18E1 clocked by sys_clk_pin  {rise@0.000ns fall@5.000ns period=10.000ns})
  Path Group:             sys_clk_pin
  Path Type:              Setup (Max at Slow Process Corner)
  Requirement:            5.000ns  (sys_clk_pin rise@10.000ns - sys_clk_pin fall@5.000ns)
  Data Path Delay:        4.185ns  (logic 2.578ns (61.605%)  route 1.607ns (38.395%))
  Logic Levels:           1  (LUT5=1)
  Clock Path Skew:        -0.022ns (DCD - SCD + CPR)
    Destination Clock Delay (DCD):    4.828ns = ( 14.828 - 10.000 ) 
    Source Clock Delay      (SCD):    5.126ns = ( 10.126 - 5.000 ) 
    Clock Pessimism Removal (CPR):    0.276ns
  Clock Uncertainty:      0.035ns  ((TSJ^2 + TIJ^2)^1/2 + DJ) / 2 + PE
    Total System Jitter     (TSJ):    0.071ns
    Total Input Jitter      (TIJ):    0.000ns
    Discrete Jitter          (DJ):    0.000ns
    Phase Error              (PE):    0.000ns

    Location             Delay type                Incr(ns)  Path(ns)    Netlist Resource(s)
  -------------------------------------------------------------------    -------------------
                         (clock sys_clk_pin fall edge)
                                                      5.000     5.000 f  <hidden>
    W5                                                0.000     5.000 f  CLK100MHZ
                         net (fo=0)                   0.000     5.000    CLK100MHZ
    W5                   IBUF (Prop_ibuf_I_O)         1.458     6.458 f  CLK100MHZ_IBUF_inst/O
                         net (fo=1, routed)           1.967     8.425    CLK100MHZ_IBUF
    BUFGCTRL_X0Y1        BUFG (Prop_bufg_I_O)         0.096     8.521 f  CLK100MHZ_IBUF_BUFG_inst/O
                         net (fo=25, routed)          1.605    10.126    cpu/dat/Data_Mem0/DATAMEM_reg_0
    RAMB18_X1Y12         RAMB18E1                                     r  cpu/dat/Data_Mem0/DATAMEM_reg/CLKARDCLK  (IS_INVERTED)
  -------------------------------------------------------------------    -------------------
    RAMB18_X1Y12         RAMB18E1 (Prop_ramb18e1_CLKARDCLK_DOADO[8])
                                                      2.454    12.580 r  cpu/dat/Data_Mem0/DATAMEM_reg/DOADO[8]
                         net (fo=1, routed)           1.003    13.583    cpu/dat/Data_Mem0/DATAMEM_reg_n_7
    SLICE_X48Y29         LUT5 (Prop_lut5_I0_O)        0.124    13.707 r  cpu/dat/Data_Mem0/mem_reg_i_8/O
                         net (fo=4, routed)           0.604    14.310    imem/cpu_to_mem[8]
    RAMB18_X1Y13         RAMB18E1                                     r  imem/mem_reg/DIADI[8]
  -------------------------------------------------------------------    -------------------

                         (clock sys_clk_pin rise edge)
                                                     10.000    10.000 r  <hidden>
    W5                                                0.000    10.000 r  CLK100MHZ
                         net (fo=0)                   0.000    10.000    CLK100MHZ
    W5                   IBUF (Prop_ibuf_I_O)         1.388    11.388 r  CLK100MHZ_IBUF_inst/O
                         net (fo=1, routed)           1.862    13.250    CLK100MHZ_IBUF
    BUFGCTRL_X0Y1        BUFG (Prop_bufg_I_O)         0.091    13.341 r  CLK100MHZ_IBUF_BUFG_inst/O
                         net (fo=25, routed)          1.487    14.828    imem/CLK100MHZ_IBUF_BUFG
    RAMB18_X1Y13         RAMB18E1                                     r  imem/mem_reg/CLKARDCLK
                         clock pessimism              0.276    15.104    <hidden>
                         clock uncertainty           -0.035    15.068    <hidden>
    RAMB18_X1Y13         RAMB18E1 (Setup_ramb18e1_CLKARDCLK_DIADI[8])
                                                     -0.241    14.827    imem/mem_reg
  -------------------------------------------------------------------
                         required time                         14.827    <hidden>
                         arrival time                         -14.310    <hidden>
  -------------------------------------------------------------------
                         slack                                  0.517    <hidden>

Slack (MET) :             0.520ns  (required time - arrival time)
  Source:                 cpu/dat/Data_Mem0/DATAMEM_reg/CLKARDCLK
                            (falling edge-triggered cell RAMB18E1 clocked by sys_clk_pin  {rise@0.000ns fall@5.000ns period=10.000ns})
  Destination:            imem/mem_reg/DIADI[10]
                            (rising edge-triggered cell RAMB18E1 clocked by sys_clk_pin  {rise@0.000ns fall@5.000ns period=10.000ns})
  Path Group:             sys_clk_pin
  Path Type:              Setup (Max at Slow Process Corner)
  Requirement:            5.000ns  (sys_clk_pin rise@10.000ns - sys_clk_pin fall@5.000ns)
  Data Path Delay:        4.182ns  (logic 2.578ns (61.645%)  route 1.604ns (38.355%))
  Logic Levels:           1  (LUT5=1)
  Clock Path Skew:        -0.022ns (DCD - SCD + CPR)
    Destination Clock Delay (DCD):    4.828ns = ( 14.828 - 10.000 ) 
    Source Clock Delay      (SCD):    5.126ns = ( 10.126 - 5.000 ) 
    Clock Pessimism Removal (CPR):    0.276ns
  Clock Uncertainty:      0.035ns  ((TSJ^2 + TIJ^2)^1/2 + DJ) / 2 + PE
    Total System Jitter     (TSJ):    0.071ns
    Total Input Jitter      (TIJ):    0.000ns
    Discrete Jitter          (DJ):    0.000ns
    Phase Error              (PE):    0.000ns

    Location             Delay type                Incr(ns)  Path(ns)    Netlist Resource(s)
  -------------------------------------------------------------------    -------------------
                         (clock sys_clk_pin fall edge)
                                                      5.000     5.000 f  <hidden>
    W5                                                0.000     5.000 f  CLK100MHZ
                         net (fo=0)                   0.000     5.000    CLK100MHZ
    W5                   IBUF (Prop_ibuf_I_O)         1.458     6.458 f  CLK100MHZ_IBUF_inst/O
                         net (fo=1, routed)           1.967     8.425    CLK100MHZ_IBUF
    BUFGCTRL_X0Y1        BUFG (Prop_bufg_I_O)         0.096     8.521 f  CLK100MHZ_IBUF_BUFG_inst/O
                         net (fo=25, routed)          1.605    10.126    cpu/dat/Data_Mem0/DATAMEM_reg_0
    RAMB18_X1Y12         RAMB18E1                                     r  cpu/dat/Data_Mem0/DATAMEM_reg/CLKARDCLK  (IS_INVERTED)
  -------------------------------------------------------------------    -------------------
    RAMB18_X1Y12         RAMB18E1 (Prop_ramb18e1_CLKARDCLK_DOADO[10])
                                                      2.454    12.580 r  cpu/dat/Data_Mem0/DATAMEM_reg/DOADO[10]
                         net (fo=1, routed)           1.011    13.591    cpu/dat/Data_Mem0/DATAMEM_reg_n_5
    SLICE_X48Y30         LUT5 (Prop_lut5_I0_O)        0.124    13.715 r  cpu/dat/Data_Mem0/mem_reg_i_6/O
                         net (fo=4, routed)           0.593    14.308    imem/cpu_to_mem[10]
    RAMB18_X1Y13         RAMB18E1                                     r  imem/mem_reg/DIADI[10]
  -------------------------------------------------------------------    -------------------

                         (clock sys_clk_pin rise edge)
                                                     10.000    10.000 r  <hidden>
    W5                                                0.000    10.000 r  CLK100MHZ
                         net (fo=0)                   0.000    10.000    CLK100MHZ
    W5                   IBUF (Prop_ibuf_I_O)         1.388    11.388 r  CLK100MHZ_IBUF_inst/O
                         net (fo=1, routed)           1.862    13.250    CLK100MHZ_IBUF
    BUFGCTRL_X0Y1        BUFG (Prop_bufg_I_O)         0.091    13.341 r  CLK100MHZ_IBUF_BUFG_inst/O
                         net (fo=25, routed)          1.487    14.828    imem/CLK100MHZ_IBUF_BUFG
    RAMB18_X1Y13         RAMB18E1                                     r  imem/mem_reg/CLKARDCLK
                         clock pessimism              0.276    15.104    <hidden>
                         clock uncertainty           -0.035    15.068    <hidden>
    RAMB18_X1Y13         RAMB18E1 (Setup_ramb18e1_CLKARDCLK_DIADI[10])
                                                     -0.241    14.827    imem/mem_reg
  -------------------------------------------------------------------
                         required time                         14.827    <hidden>
                         arrival time                         -14.308    <hidden>
  -------------------------------------------------------------------
                         slack                                  0.520    <hidden>

Slack (MET) :             0.520ns  (required time - arrival time)
  Source:                 cpu/dat/Data_Mem0/DATAMEM_reg/CLKARDCLK
                            (falling edge-triggered cell RAMB18E1 clocked by sys_clk_pin  {rise@0.000ns fall@5.000ns period=10.000ns})
  Destination:            imem/mem_reg/DIADI[2]
                            (rising edge-triggered cell RAMB18E1 clocked by sys_clk_pin  {rise@0.000ns fall@5.000ns period=10.000ns})
  Path Group:             sys_clk_pin
  Path Type:              Setup (Max at Slow Process Corner)
  Requirement:            5.000ns  (sys_clk_pin rise@10.000ns - sys_clk_pin fall@5.000ns)
  Data Path Delay:        4.181ns  (logic 2.578ns (61.655%)  route 1.603ns (38.345%))
  Logic Levels:           1  (LUT5=1)
  Clock Path Skew:        -0.022ns (DCD - SCD + CPR)
    Destination Clock Delay (DCD):    4.828ns = ( 14.828 - 10.000 ) 
    Source Clock Delay      (SCD):    5.126ns = ( 10.126 - 5.000 ) 
    Clock Pessimism Removal (CPR):    0.276ns
  Clock Uncertainty:      0.035ns  ((TSJ^2 + TIJ^2)^1/2 + DJ) / 2 + PE
    Total System Jitter     (TSJ):    0.071ns
    Total Input Jitter      (TIJ):    0.000ns
    Discrete Jitter          (DJ):    0.000ns
    Phase Error              (PE):    0.000ns

    Location             Delay type                Incr(ns)  Path(ns)    Netlist Resource(s)
  -------------------------------------------------------------------    -------------------
                         (clock sys_clk_pin fall edge)
                                                      5.000     5.000 f  <hidden>
    W5                                                0.000     5.000 f  CLK100MHZ
                         net (fo=0)                   0.000     5.000    CLK100MHZ
    W5                   IBUF (Prop_ibuf_I_O)         1.458     6.458 f  CLK100MHZ_IBUF_inst/O
                         net (fo=1, routed)           1.967     8.425    CLK100MHZ_IBUF
    BUFGCTRL_X0Y1        BUFG (Prop_bufg_I_O)         0.096     8.521 f  CLK100MHZ_IBUF_BUFG_inst/O
                         net (fo=25, routed)          1.605    10.126    cpu/dat/Data_Mem0/DATAMEM_reg_0
    RAMB18_X1Y12         RAMB18E1                                     r  cpu/dat/Data_Mem0/DATAMEM_reg/CLKARDCLK  (IS_INVERTED)
  -------------------------------------------------------------------    -------------------
    RAMB18_X1Y12         RAMB18E1 (Prop_ramb18e1_CLKARDCLK_DOADO[2])
                                                      2.454    12.580 r  cpu/dat/Data_Mem0/DATAMEM_reg/DOADO[2]
                         net (fo=1, routed)           1.155    13.735    cpu/dat/Data_Mem0/DATAMEM_reg_n_13
    SLICE_X48Y32         LUT5 (Prop_lut5_I0_O)        0.124    13.859 r  cpu/dat/Data_Mem0/mem_reg_i_14/O
                         net (fo=4, routed)           0.448    14.307    imem/cpu_to_mem[2]
    RAMB18_X1Y13         RAMB18E1                                     r  imem/mem_reg/DIADI[2]
  -------------------------------------------------------------------    -------------------

                         (clock sys_clk_pin rise edge)
                                                     10.000    10.000 r  <hidden>
    W5                                                0.000    10.000 r  CLK100MHZ
                         net (fo=0)                   0.000    10.000    CLK100MHZ
    W5                   IBUF (Prop_ibuf_I_O)         1.388    11.388 r  CLK100MHZ_IBUF_inst/O
                         net (fo=1, routed)           1.862    13.250    CLK100MHZ_IBUF
    BUFGCTRL_X0Y1        BUFG (Prop_bufg_I_O)         0.091    13.341 r  CLK100MHZ_IBUF_BUFG_inst/O
                         net (fo=25, routed)          1.487    14.828    imem/CLK100MHZ_IBUF_BUFG
    RAMB18_X1Y13         RAMB18E1                                     r  imem/mem_reg/CLKARDCLK
                         clock pessimism              0.276    15.104    <hidden>
                         clock uncertainty           -0.035    15.068    <hidden>
    RAMB18_X1Y13         RAMB18E1 (Setup_ramb18e1_CLKARDCLK_DIADI[2])
                                                     -0.241    14.827    imem/mem_reg
  -------------------------------------------------------------------
                         required time                         14.827    <hidden>
                         arrival time                         -14.307    <hidden>
  -------------------------------------------------------------------
                         slack                                  0.520    <hidden>

Slack (MET) :             0.621ns  (required time - arrival time)
  Source:                 cpu/dat/Data_Mem0/DATAMEM_reg/CLKARDCLK
                            (falling edge-triggered cell RAMB18E1 clocked by sys_clk_pin  {rise@0.000ns fall@5.000ns period=10.000ns})
  Destination:            imem/mem_reg/DIPADIP[1]
                            (rising edge-triggered cell RAMB18E1 clocked by sys_clk_pin  {rise@0.000ns fall@5.000ns period=10.000ns})
  Path Group:             sys_clk_pin
  Path Type:              Setup (Max at Slow Process Corner)
  Requirement:            5.000ns  (sys_clk_pin rise@10.000ns - sys_clk_pin fall@5.000ns)
  Data Path Delay:        4.080ns  (logic 2.578ns (63.182%)  route 1.502ns (36.818%))
  Logic Levels:           1  (LUT5=1)
  Clock Path Skew:        -0.022ns (DCD - SCD + CPR)
    Destination Clock Delay (DCD):    4.828ns = ( 14.828 - 10.000 ) 
    Source Clock Delay      (SCD):    5.126ns = ( 10.126 - 5.000 ) 
    Clock Pessimism Removal (CPR):    0.276ns
  Clock Uncertainty:      0.035ns  ((TSJ^2 + TIJ^2)^1/2 + DJ) / 2 + PE
    Total System Jitter     (TSJ):    0.071ns
    Total Input Jitter      (TIJ):    0.000ns
    Discrete Jitter          (DJ):    0.000ns
    Phase Error              (PE):    0.000ns

    Location             Delay type                Incr(ns)  Path(ns)    Netlist Resource(s)
  -------------------------------------------------------------------    -------------------
                         (clock sys_clk_pin fall edge)
                                                      5.000     5.000 f  <hidden>
    W5                                                0.000     5.000 f  CLK100MHZ
                         net (fo=0)                   0.000     5.000    CLK100MHZ
    W5                   IBUF (Prop_ibuf_I_O)         1.458     6.458 f  CLK100MHZ_IBUF_inst/O
                         net (fo=1, routed)           1.967     8.425    CLK100MHZ_IBUF
    BUFGCTRL_X0Y1        BUFG (Prop_bufg_I_O)         0.096     8.521 f  CLK100MHZ_IBUF_BUFG_inst/O
                         net (fo=25, routed)          1.605    10.126    cpu/dat/Data_Mem0/DATAMEM_reg_0
    RAMB18_X1Y12         RAMB18E1                                     r  cpu/dat/Data_Mem0/DATAMEM_reg/CLKARDCLK  (IS_INVERTED)
  -------------------------------------------------------------------    -------------------
    RAMB18_X1Y12         RAMB18E1 (Prop_ramb18e1_CLKARDCLK_DOBDO[1])
                                                      2.454    12.580 r  cpu/dat/Data_Mem0/DATAMEM_reg/DOBDO[1]
                         net (fo=3, routed)           1.013    13.593    cpu/dat/Data_Mem0/DOBDO[1]
    SLICE_X49Y30         LUT5 (Prop_lut5_I0_O)        0.124    13.717 r  cpu/dat/Data_Mem0/mem_reg_i_31/O
                         net (fo=1, routed)           0.489    14.206    imem/cpu_to_mem[17]
    RAMB18_X1Y13         RAMB18E1                                     r  imem/mem_reg/DIPADIP[1]
  -------------------------------------------------------------------    -------------------

                         (clock sys_clk_pin rise edge)
                                                     10.000    10.000 r  <hidden>
    W5                                                0.000    10.000 r  CLK100MHZ
                         net (fo=0)                   0.000    10.000    CLK100MHZ
    W5                   IBUF (Prop_ibuf_I_O)         1.388    11.388 r  CLK100MHZ_IBUF_inst/O
                         net (fo=1, routed)           1.862    13.250    CLK100MHZ_IBUF
    BUFGCTRL_X0Y1        BUFG (Prop_bufg_I_O)         0.091    13.341 r  CLK100MHZ_IBUF_BUFG_inst/O
                         net (fo=25, routed)          1.487    14.828    imem/CLK100MHZ_IBUF_BUFG
    RAMB18_X1Y13         RAMB18E1                                     r  imem/mem_reg/CLKARDCLK
                         clock pessimism              0.276    15.104    <hidden>
                         clock uncertainty           -0.035    15.068    <hidden>
    RAMB18_X1Y13         RAMB18E1 (Setup_ramb18e1_CLKARDCLK_DIPADIP[1])
                                                     -0.241    14.827    imem/mem_reg
  -------------------------------------------------------------------
                         required time                         14.827    <hidden>
                         arrival time                         -14.206    <hidden>
  -------------------------------------------------------------------
                         slack                                  0.621    <hidden>

Slack (MET) :             0.643ns  (required time - arrival time)
  Source:                 cpu/dat/Data_Mem0/DATAMEM_reg/CLKARDCLK
                            (falling edge-triggered cell RAMB18E1 clocked by sys_clk_pin  {rise@0.000ns fall@5.000ns period=10.000ns})
  Destination:            imem/mem_reg/DIBDI[4]
                            (rising edge-triggered cell RAMB18E1 clocked by sys_clk_pin  {rise@0.000ns fall@5.000ns period=10.000ns})
  Path Group:             sys_clk_pin
  Path Type:              Setup (Max at Slow Process Corner)
  Requirement:            5.000ns  (sys_clk_pin rise@10.000ns - sys_clk_pin fall@5.000ns)
  Data Path Delay:        4.054ns  (logic 2.578ns (63.596%)  route 1.476ns (36.404%))
  Logic Levels:           1  (LUT5=1)
  Clock Path Skew:        -0.027ns (DCD - SCD + CPR)
    Destination Clock Delay (DCD):    4.825ns = ( 14.825 - 10.000 ) 
    Source Clock Delay      (SCD):    5.126ns = ( 10.126 - 5.000 ) 
    Clock Pessimism Removal (CPR):    0.274ns
  Clock Uncertainty:      0.035ns  ((TSJ^2 + TIJ^2)^1/2 + DJ) / 2 + PE
    Total System Jitter     (TSJ):    0.071ns
    Total Input Jitter      (TIJ):    0.000ns
    Discrete Jitter          (DJ):    0.000ns
    Phase Error              (PE):    0.000ns

    Location             Delay type                Incr(ns)  Path(ns)    Netlist Resource(s)
  -------------------------------------------------------------------    -------------------
                         (clock sys_clk_pin fall edge)
                                                      5.000     5.000 f  <hidden>
    W5                                                0.000     5.000 f  CLK100MHZ
                         net (fo=0)                   0.000     5.000    CLK100MHZ
    W5                   IBUF (Prop_ibuf_I_O)         1.458     6.458 f  CLK100MHZ_IBUF_inst/O
                         net (fo=1, routed)           1.967     8.425    CLK100MHZ_IBUF
    BUFGCTRL_X0Y1        BUFG (Prop_bufg_I_O)         0.096     8.521 f  CLK100MHZ_IBUF_BUFG_inst/O
                         net (fo=25, routed)          1.605    10.126    cpu/dat/Data_Mem0/DATAMEM_reg_0
    RAMB18_X1Y12         RAMB18E1                                     r  cpu/dat/Data_Mem0/DATAMEM_reg/CLKARDCLK  (IS_INVERTED)
  -------------------------------------------------------------------    -------------------
    RAMB18_X1Y12         RAMB18E1 (Prop_ramb18e1_CLKARDCLK_DOBDO[6])
                                                      2.454    12.580 r  cpu/dat/Data_Mem0/DATAMEM_reg/DOBDO[6]
                         net (fo=3, routed)           1.013    13.593    cpu/dat/Data_Mem0/DOBDO[6]
    SLICE_X48Y32         LUT5 (Prop_lut5_I0_O)        0.124    13.717 r  cpu/dat/Data_Mem0/mem_reg_i_26/O
                         net (fo=2, routed)           0.462    14.179    imem/cpu_to_mem[22]
    RAMB18_X1Y13         RAMB18E1                                     r  imem/mem_reg/DIBDI[4]
  -------------------------------------------------------------------    -------------------

                         (clock sys_clk_pin rise edge)
                                                     10.000    10.000 r  <hidden>
    W5                                                0.000    10.000 r  CLK100MHZ
                         net (fo=0)                   0.000    10.000    CLK100MHZ
    W5                   IBUF (Prop_ibuf_I_O)         1.388    11.388 r  CLK100MHZ_IBUF_inst/O
                         net (fo=1, routed)           1.862    13.250    CLK100MHZ_IBUF
    BUFGCTRL_X0Y1        BUFG (Prop_bufg_I_O)         0.091    13.341 r  CLK100MHZ_IBUF_BUFG_inst/O
                         net (fo=25, routed)          1.484    14.825    imem/CLK100MHZ_IBUF_BUFG
    RAMB18_X1Y13         RAMB18E1                                     r  imem/mem_reg/CLKBWRCLK
                         clock pessimism              0.274    15.099    <hidden>
                         clock uncertainty           -0.035    15.063    <hidden>
    RAMB18_X1Y13         RAMB18E1 (Setup_ramb18e1_CLKBWRCLK_DIBDI[4])
                                                     -0.241    14.822    imem/mem_reg
  -------------------------------------------------------------------
                         required time                         14.822    <hidden>
                         arrival time                         -14.179    <hidden>
  -------------------------------------------------------------------
                         slack                                  0.643    <hidden>

Slack (MET) :             0.645ns  (required time - arrival time)
  Source:                 cpu/dat/Data_Mem0/DATAMEM_reg/CLKARDCLK
                            (falling edge-triggered cell RAMB18E1 clocked by sys_clk_pin  {rise@0.000ns fall@5.000ns period=10.000ns})
  Destination:            imem/mem_reg/DIADI[12]
                            (rising edge-triggered cell RAMB18E1 clocked by sys_clk_pin  {rise@0.000ns fall@5.000ns period=10.000ns})
  Path Group:             sys_clk_pin
  Path Type:              Setup (Max at Slow Process Corner)
  Requirement:            5.000ns  (sys_clk_pin rise@10.000ns - sys_clk_pin fall@5.000ns)
  Data Path Delay:        4.057ns  (logic 2.578ns (63.549%)  route 1.479ns (36.451%))
  Logic Levels:           1  (LUT5=1)
  Clock Path Skew:        -0.022ns (DCD - SCD + CPR)
    Destination Clock Delay (DCD):    4.828ns = ( 14.828 - 10.000 ) 
    Source Clock Delay      (SCD):    5.126ns = ( 10.126 - 5.000 ) 
    Clock Pessimism Removal (CPR):    0.276ns
  Clock Uncertainty:      0.035ns  ((TSJ^2 + TIJ^2)^1/2 + DJ) / 2 + PE
    Total System Jitter     (TSJ):    0.071ns
    Total Input Jitter      (TIJ):    0.000ns
    Discrete Jitter          (DJ):    0.000ns
    Phase Error              (PE):    0.000ns

    Location             Delay type                Incr(ns)  Path(ns)    Netlist Resource(s)
  -------------------------------------------------------------------    -------------------
                         (clock sys_clk_pin fall edge)
                                                      5.000     5.000 f  <hidden>
    W5                                                0.000     5.000 f  CLK100MHZ
                         net (fo=0)                   0.000     5.000    CLK100MHZ
    W5                   IBUF (Prop_ibuf_I_O)         1.458     6.458 f  CLK100MHZ_IBUF_inst/O
                         net (fo=1, routed)           1.967     8.425    CLK100MHZ_IBUF
    BUFGCTRL_X0Y1        BUFG (Prop_bufg_I_O)         0.096     8.521 f  CLK100MHZ_IBUF_BUFG_inst/O
                         net (fo=25, routed)          1.605    10.126    cpu/dat/Data_Mem0/DATAMEM_reg_0
    RAMB18_X1Y12         RAMB18E1                                     r  cpu/dat/Data_Mem0/DATAMEM_reg/CLKARDCLK  (IS_INVERTED)
  -------------------------------------------------------------------    -------------------
    RAMB18_X1Y12         RAMB18E1 (Prop_ramb18e1_CLKARDCLK_DOADO[12])
                                                      2.454    12.580 r  cpu/dat/Data_Mem0/DATAMEM_reg/DOADO[12]
                         net (fo=1, routed)           0.844    13.424    cpu/dat/Data_Mem0/DATAMEM_reg_n_3
    SLICE_X49Y31         LUT5 (Prop_lut5_I0_O)        0.124    13.548 r  cpu/dat/Data_Mem0/mem_reg_i_4/O
                         net (fo=4, routed)           0.635    14.182    imem/cpu_to_mem[12]
    RAMB18_X1Y13         RAMB18E1                                     r  imem/mem_reg/DIADI[12]
  -------------------------------------------------------------------    -------------------

                         (clock sys_clk_pin rise edge)
                                                     10.000    10.000 r  <hidden>
    W5                                                0.000    10.000 r  CLK100MHZ
                         net (fo=0)                   0.000    10.000    CLK100MHZ
    W5                   IBUF (Prop_ibuf_I_O)         1.388    11.388 r  CLK100MHZ_IBUF_inst/O
                         net (fo=1, routed)           1.862    13.250    CLK100MHZ_IBUF
    BUFGCTRL_X0Y1        BUFG (Prop_bufg_I_O)         0.091    13.341 r  CLK100MHZ_IBUF_BUFG_inst/O
                         net (fo=25, routed)          1.487    14.828    imem/CLK100MHZ_IBUF_BUFG
    RAMB18_X1Y13         RAMB18E1                                     r  imem/mem_reg/CLKARDCLK
                         clock pessimism              0.276    15.104    <hidden>
                         clock uncertainty           -0.035    15.068    <hidden>
    RAMB18_X1Y13         RAMB18E1 (Setup_ramb18e1_CLKARDCLK_DIADI[12])
                                                     -0.241    14.827    imem/mem_reg
  -------------------------------------------------------------------
                         required time                         14.827    <hidden>
                         arrival time                         -14.182    <hidden>
  -------------------------------------------------------------------
                         slack                                  0.645    <hidden>

Slack (MET) :             0.655ns  (required time - arrival time)
  Source:                 cpu/dat/Data_Mem0/DATAMEM_reg/CLKARDCLK
                            (falling edge-triggered cell RAMB18E1 clocked by sys_clk_pin  {rise@0.000ns fall@5.000ns period=10.000ns})
  Destination:            imem/mem_reg/DIBDI[12]
                            (rising edge-triggered cell RAMB18E1 clocked by sys_clk_pin  {rise@0.000ns fall@5.000ns period=10.000ns})
  Path Group:             sys_clk_pin
  Path Type:              Setup (Max at Slow Process Corner)
  Requirement:            5.000ns  (sys_clk_pin rise@10.000ns - sys_clk_pin fall@5.000ns)
  Data Path Delay:        4.041ns  (logic 2.578ns (63.793%)  route 1.463ns (36.207%))
  Logic Levels:           1  (LUT5=1)
  Clock Path Skew:        -0.027ns (DCD - SCD + CPR)
    Destination Clock Delay (DCD):    4.825ns = ( 14.825 - 10.000 ) 
    Source Clock Delay      (SCD):    5.126ns = ( 10.126 - 5.000 ) 
    Clock Pessimism Removal (CPR):    0.274ns
  Clock Uncertainty:      0.035ns  ((TSJ^2 + TIJ^2)^1/2 + DJ) / 2 + PE
    Total System Jitter     (TSJ):    0.071ns
    Total Input Jitter      (TIJ):    0.000ns
    Discrete Jitter          (DJ):    0.000ns
    Phase Error              (PE):    0.000ns

    Location             Delay type                Incr(ns)  Path(ns)    Netlist Resource(s)
  -------------------------------------------------------------------    -------------------
                         (clock sys_clk_pin fall edge)
                                                      5.000     5.000 f  <hidden>
    W5                                                0.000     5.000 f  CLK100MHZ
                         net (fo=0)                   0.000     5.000    CLK100MHZ
    W5                   IBUF (Prop_ibuf_I_O)         1.458     6.458 f  CLK100MHZ_IBUF_inst/O
                         net (fo=1, routed)           1.967     8.425    CLK100MHZ_IBUF
    BUFGCTRL_X0Y1        BUFG (Prop_bufg_I_O)         0.096     8.521 f  CLK100MHZ_IBUF_BUFG_inst/O
                         net (fo=25, routed)          1.605    10.126    cpu/dat/Data_Mem0/DATAMEM_reg_0
    RAMB18_X1Y12         RAMB18E1                                     r  cpu/dat/Data_Mem0/DATAMEM_reg/CLKARDCLK  (IS_INVERTED)
  -------------------------------------------------------------------    -------------------
    RAMB18_X1Y12         RAMB18E1 (Prop_ramb18e1_CLKARDCLK_DOBDO[14])
                                                      2.454    12.580 r  cpu/dat/Data_Mem0/DATAMEM_reg/DOBDO[14]
                         net (fo=3, routed)           1.014    13.594    cpu/dat/Data_Mem0/DOBDO[14]
    SLICE_X49Y31         LUT5 (Prop_lut5_I0_O)        0.124    13.718 r  cpu/dat/Data_Mem0/mem_reg_i_18/O
                         net (fo=2, routed)           0.449    14.167    imem/cpu_to_mem[30]
    RAMB18_X1Y13         RAMB18E1                                     r  imem/mem_reg/DIBDI[12]
  -------------------------------------------------------------------    -------------------

                         (clock sys_clk_pin rise edge)
                                                     10.000    10.000 r  <hidden>
    W5                                                0.000    10.000 r  CLK100MHZ
                         net (fo=0)                   0.000    10.000    CLK100MHZ
    W5                   IBUF (Prop_ibuf_I_O)         1.388    11.388 r  CLK100MHZ_IBUF_inst/O
                         net (fo=1, routed)           1.862    13.250    CLK100MHZ_IBUF
    BUFGCTRL_X0Y1        BUFG (Prop_bufg_I_O)         0.091    13.341 r  CLK100MHZ_IBUF_BUFG_inst/O
                         net (fo=25, routed)          1.484    14.825    imem/CLK100MHZ_IBUF_BUFG
    RAMB18_X1Y13         RAMB18E1                                     r  imem/mem_reg/CLKBWRCLK
                         clock pessimism              0.274    15.099    <hidden>
                         clock uncertainty           -0.035    15.063    <hidden>
    RAMB18_X1Y13         RAMB18E1 (Setup_ramb18e1_CLKBWRCLK_DIBDI[12])
                                                     -0.241    14.822    imem/mem_reg
  -------------------------------------------------------------------
                         required time                         14.822    <hidden>
                         arrival time                         -14.167    <hidden>
  -------------------------------------------------------------------
                         slack                                  0.655    <hidden>





Min Delay Paths
--------------------------------------------------------------------------------------
Slack (MET) :             0.324ns  (arrival time - required time)
  Source:                 disp/refresh_counter_reg[0]/C
                            (rising edge-triggered cell FDRE clocked by sys_clk_pin  {rise@0.000ns fall@5.000ns period=10.000ns})
  Destination:            disp/refresh_counter_reg[0]/D
                            (rising edge-triggered cell FDRE clocked by sys_clk_pin  {rise@0.000ns fall@5.000ns period=10.000ns})
  Path Group:             sys_clk_pin
  Path Type:              Hold (Min at Fast Process Corner)
  Requirement:            0.000ns  (sys_clk_pin rise@0.000ns - sys_clk_pin rise@0.000ns)
  Data Path Delay:        0.429ns  (logic 0.256ns (59.730%)  route 0.173ns (40.270%))
  Logic Levels:           2  (CARRY4=1 LUT1=1)
  Clock Path Skew:        0.000ns (DCD - SCD - CPR)
    Destination Clock Delay (DCD):    1.951ns
    Source Clock Delay      (SCD):    1.439ns
    Clock Pessimism Removal (CPR):    0.512ns

    Location             Delay type                Incr(ns)  Path(ns)    Netlist Resource(s)
  -------------------------------------------------------------------    -------------------
                         (clock sys_clk_pin rise edge)
                                                      0.000     0.000 r  <hidden>
    W5                                                0.000     0.000 r  CLK100MHZ
                         net (fo=0)                   0.000     0.000    CLK100MHZ
    W5                   IBUF (Prop_ibuf_I_O)         0.226     0.226 r  CLK100MHZ_IBUF_inst/O
                         net (fo=1, routed)           0.631     0.858    CLK100MHZ_IBUF
    BUFGCTRL_X0Y1        BUFG (Prop_bufg_I_O)         0.026     0.884 r  CLK100MHZ_IBUF_BUFG_inst/O
                         net (fo=25, routed)          0.556     1.439    disp/CLK100MHZ_IBUF_BUFG
    SLICE_X48Y21         FDRE                                         r  disp/refresh_counter_reg[0]/C
  -------------------------------------------------------------------    -------------------
    SLICE_X48Y21         FDRE (Prop_fdre_C_Q)         0.141     1.580 f  disp/refresh_counter_reg[0]/Q
                         net (fo=1, routed)           0.173     1.753    disp/refresh_counter_reg_n_0_[0]
    SLICE_X48Y21         LUT1 (Prop_lut1_I0_O)        0.045     1.798 r  disp/refresh_counter[0]_i_2/O
                         net (fo=1, routed)           0.000     1.798    disp/refresh_counter[0]_i_2_n_0
    SLICE_X48Y21         CARRY4 (Prop_carry4_S[0]_O[0])
                                                      0.070     1.868 r  disp/refresh_counter_reg[0]_i_1/O[0]
                         net (fo=1, routed)           0.000     1.868    disp/refresh_counter_reg[0]_i_1_n_7
    SLICE_X48Y21         FDRE                                         r  disp/refresh_counter_reg[0]/D
  -------------------------------------------------------------------    -------------------

                         (clock sys_clk_pin rise edge)
                                                      0.000     0.000 r  <hidden>
    W5                                                0.000     0.000 r  CLK100MHZ
                         net (fo=0)                   0.000     0.000    CLK100MHZ
    W5                   IBUF (Prop_ibuf_I_O)         0.414     0.414 r  CLK100MHZ_IBUF_inst/O
                         net (fo=1, routed)           0.685     1.099    CLK100MHZ_IBUF
    BUFGCTRL_X0Y1        BUFG (Prop_bufg_I_O)         0.029     1.128 r  CLK100MHZ_IBUF_BUFG_inst/O
                         net (fo=25, routed)          0.824     1.951    disp/CLK100MHZ_IBUF_BUFG
    SLICE_X48Y21         FDRE                                         r  disp/refresh_counter_reg[0]/C
                         clock pessimism             -0.512     1.439    <hidden>
    SLICE_X48Y21         FDRE (Hold_fdre_C_D)         0.105     1.544    disp/refresh_counter_reg[0]
  -------------------------------------------------------------------
                         required time                         -1.544    <hidden>
                         arrival time                           1.868    <hidden>
  -------------------------------------------------------------------
                         slack                                  0.324    <hidden>

Slack (MET) :             0.327ns  (arrival time - required time)
  Source:                 disp/refresh_counter_reg[11]/C
                            (rising edge-triggered cell FDRE clocked by sys_clk_pin  {rise@0.000ns fall@5.000ns period=10.000ns})
  Destination:            disp/refresh_counter_reg[11]/D
                            (rising edge-triggered cell FDRE clocked by sys_clk_pin  {rise@0.000ns fall@5.000ns period=10.000ns})
  Path Group:             sys_clk_pin
  Path Type:              Hold (Min at Fast Process Corner)
  Requirement:            0.000ns  (sys_clk_pin rise@0.000ns - sys_clk_pin rise@0.000ns)
  Data Path Delay:        0.432ns  (logic 0.249ns (57.658%)  route 0.183ns (42.342%))
  Logic Levels:           1  (CARRY4=1)
  Clock Path Skew:        0.000ns (DCD - SCD - CPR)
    Destination Clock Delay (DCD):    1.948ns
    Source Clock Delay      (SCD):    1.437ns
    Clock Pessimism Removal (CPR):    0.511ns

    Location             Delay type                Incr(ns)  Path(ns)    Netlist Resource(s)
  -------------------------------------------------------------------    -------------------
                         (clock sys_clk_pin rise edge)
                                                      0.000     0.000 r  <hidden>
    W5                                                0.000     0.000 r  CLK100MHZ
                         net (fo=0)                   0.000     0.000    CLK100MHZ
    W5                   IBUF (Prop_ibuf_I_O)         0.226     0.226 r  CLK100MHZ_IBUF_inst/O
                         net (fo=1, routed)           0.631     0.858    CLK100MHZ_IBUF
    BUFGCTRL_X0Y1        BUFG (Prop_bufg_I_O)         0.026     0.884 r  CLK100MHZ_IBUF_BUFG_inst/O
                         net (fo=25, routed)          0.554     1.437    disp/CLK100MHZ_IBUF_BUFG
    SLICE_X48Y23         FDRE                                         r  disp/refresh_counter_reg[11]/C
  -------------------------------------------------------------------    -------------------
    SLICE_X48Y23         FDRE (Prop_fdre_C_Q)         0.141     1.578 r  disp/refresh_counter_reg[11]/Q
                         net (fo=1, routed)           0.183     1.761    disp/refresh_counter_reg_n_0_[11]
    SLICE_X48Y23         CARRY4 (Prop_carry4_S[3]_O[3])
                                                      0.108     1.869 r  disp/refresh_counter_reg[8]_i_1/O[3]
                         net (fo=1, routed)           0.000     1.869    disp/refresh_counter_reg[8]_i_1_n_4
    SLICE_X48Y23         FDRE                                         r  disp/refresh_counter_reg[11]/D
  -------------------------------------------------------------------    -------------------

                         (clock sys_clk_pin rise edge)
                                                      0.000     0.000 r  <hidden>
    W5                                                0.000     0.000 r  CLK100MHZ
                         net (fo=0)                   0.000     0.000    CLK100MHZ
    W5                   IBUF (Prop_ibuf_I_O)         0.414     0.414 r  CLK100MHZ_IBUF_inst/O
                         net (fo=1, routed)           0.685     1.099    CLK100MHZ_IBUF
    BUFGCTRL_X0Y1        BUFG (Prop_bufg_I_O)         0.029     1.128 r  CLK100MHZ_IBUF_BUFG_inst/O
                         net (fo=25, routed)          0.821     1.948    disp/CLK100MHZ_IBUF_BUFG
    SLICE_X48Y23         FDRE                                         r  disp/refresh_counter_reg[11]/C
                         clock pessimism             -0.511     1.437    <hidden>
    SLICE_X48Y23         FDRE (Hold_fdre_C_D)         0.105     1.542    disp/refresh_counter_reg[11]
  -------------------------------------------------------------------
                         required time                         -1.542    <hidden>
                         arrival time                           1.869    <hidden>
  -------------------------------------------------------------------
                         slack                                  0.327    <hidden>

Slack (MET) :             0.327ns  (arrival time - required time)
  Source:                 disp/refresh_counter_reg[3]/C
                            (rising edge-triggered cell FDRE clocked by sys_clk_pin  {rise@0.000ns fall@5.000ns period=10.000ns})
  Destination:            disp/refresh_counter_reg[3]/D
                            (rising edge-triggered cell FDRE clocked by sys_clk_pin  {rise@0.000ns fall@5.000ns period=10.000ns})
  Path Group:             sys_clk_pin
  Path Type:              Hold (Min at Fast Process Corner)
  Requirement:            0.000ns  (sys_clk_pin rise@0.000ns - sys_clk_pin rise@0.000ns)
  Data Path Delay:        0.432ns  (logic 0.249ns (57.658%)  route 0.183ns (42.342%))
  Logic Levels:           1  (CARRY4=1)
  Clock Path Skew:        0.000ns (DCD - SCD - CPR)
    Destination Clock Delay (DCD):    1.951ns
    Source Clock Delay      (SCD):    1.439ns
    Clock Pessimism Removal (CPR):    0.512ns

    Location             Delay type                Incr(ns)  Path(ns)    Netlist Resource(s)
  -------------------------------------------------------------------    -------------------
                         (clock sys_clk_pin rise edge)
                                                      0.000     0.000 r  <hidden>
    W5                                                0.000     0.000 r  CLK100MHZ
                         net (fo=0)                   0.000     0.000    CLK100MHZ
    W5                   IBUF (Prop_ibuf_I_O)         0.226     0.226 r  CLK100MHZ_IBUF_inst/O
                         net (fo=1, routed)           0.631     0.858    CLK100MHZ_IBUF
    BUFGCTRL_X0Y1        BUFG (Prop_bufg_I_O)         0.026     0.884 r  CLK100MHZ_IBUF_BUFG_inst/O
                         net (fo=25, routed)          0.556     1.439    disp/CLK100MHZ_IBUF_BUFG
    SLICE_X48Y21         FDRE                                         r  disp/refresh_counter_reg[3]/C
  -------------------------------------------------------------------    -------------------
    SLICE_X48Y21         FDRE (Prop_fdre_C_Q)         0.141     1.580 r  disp/refresh_counter_reg[3]/Q
                         net (fo=1, routed)           0.183     1.763    disp/refresh_counter_reg_n_0_[3]
    SLICE_X48Y21         CARRY4 (Prop_carry4_S[3]_O[3])
                                                      0.108     1.871 r  disp/refresh_counter_reg[0]_i_1/O[3]
                         net (fo=1, routed)           0.000     1.871    disp/refresh_counter_reg[0]_i_1_n_4
    SLICE_X48Y21         FDRE                                         r  disp/refresh_counter_reg[3]/D
  -------------------------------------------------------------------    -------------------

                         (clock sys_clk_pin rise edge)
                                                      0.000     0.000 r  <hidden>
    W5                                                0.000     0.000 r  CLK100MHZ
                         net (fo=0)                   0.000     0.000    CLK100MHZ
    W5                   IBUF (Prop_ibuf_I_O)         0.414     0.414 r  CLK100MHZ_IBUF_inst/O
                         net (fo=1, routed)           0.685     1.099    CLK100MHZ_IBUF
    BUFGCTRL_X0Y1        BUFG (Prop_bufg_I_O)         0.029     1.128 r  CLK100MHZ_IBUF_BUFG_inst/O
                         net (fo=25, routed)          0.824     1.951    disp/CLK100MHZ_IBUF_BUFG
    SLICE_X48Y21         FDRE                                         r  disp/refresh_counter_reg[3]/C
                         clock pessimism             -0.512     1.439    <hidden>
    SLICE_X48Y21         FDRE (Hold_fdre_C_D)         0.105     1.544    disp/refresh_counter_reg[3]
  -------------------------------------------------------------------
                         required time                         -1.544    <hidden>
                         arrival time                           1.871    <hidden>
  -------------------------------------------------------------------
                         slack                                  0.327    <hidden>

Slack (MET) :             0.327ns  (arrival time - required time)
  Source:                 disp/refresh_counter_reg[15]/C
                            (rising edge-triggered cell FDRE clocked by sys_clk_pin  {rise@0.000ns fall@5.000ns period=10.000ns})
  Destination:            disp/refresh_counter_reg[15]/D
                            (rising edge-triggered cell FDRE clocked by sys_clk_pin  {rise@0.000ns fall@5.000ns period=10.000ns})
  Path Group:             sys_clk_pin
  Path Type:              Hold (Min at Fast Process Corner)
  Requirement:            0.000ns  (sys_clk_pin rise@0.000ns - sys_clk_pin rise@0.000ns)
  Data Path Delay:        0.432ns  (logic 0.249ns (57.658%)  route 0.183ns (42.342%))
  Logic Levels:           1  (CARRY4=1)
  Clock Path Skew:        0.000ns (DCD - SCD - CPR)
    Destination Clock Delay (DCD):    1.947ns
    Source Clock Delay      (SCD):    1.436ns
    Clock Pessimism Removal (CPR):    0.511ns

    Location             Delay type                Incr(ns)  Path(ns)    Netlist Resource(s)
  -------------------------------------------------------------------    -------------------
                         (clock sys_clk_pin rise edge)
                                                      0.000     0.000 r  <hidden>
    W5                                                0.000     0.000 r  CLK100MHZ
                         net (fo=0)                   0.000     0.000    CLK100MHZ
    W5                   IBUF (Prop_ibuf_I_O)         0.226     0.226 r  CLK100MHZ_IBUF_inst/O
                         net (fo=1, routed)           0.631     0.858    CLK100MHZ_IBUF
    BUFGCTRL_X0Y1        BUFG (Prop_bufg_I_O)         0.026     0.884 r  CLK100MHZ_IBUF_BUFG_inst/O
                         net (fo=25, routed)          0.553     1.436    disp/CLK100MHZ_IBUF_BUFG
    SLICE_X48Y24         FDRE                                         r  disp/refresh_counter_reg[15]/C
  -------------------------------------------------------------------    -------------------
    SLICE_X48Y24         FDRE (Prop_fdre_C_Q)         0.141     1.577 r  disp/refresh_counter_reg[15]/Q
                         net (fo=1, routed)           0.183     1.760    disp/refresh_counter_reg_n_0_[15]
    SLICE_X48Y24         CARRY4 (Prop_carry4_S[3]_O[3])
                                                      0.108     1.868 r  disp/refresh_counter_reg[12]_i_1/O[3]
                         net (fo=1, routed)           0.000     1.868    disp/refresh_counter_reg[12]_i_1_n_4
    SLICE_X48Y24         FDRE                                         r  disp/refresh_counter_reg[15]/D
  -------------------------------------------------------------------    -------------------

                         (clock sys_clk_pin rise edge)
                                                      0.000     0.000 r  <hidden>
    W5                                                0.000     0.000 r  CLK100MHZ
                         net (fo=0)                   0.000     0.000    CLK100MHZ
    W5                   IBUF (Prop_ibuf_I_O)         0.414     0.414 r  CLK100MHZ_IBUF_inst/O
                         net (fo=1, routed)           0.685     1.099    CLK100MHZ_IBUF
    BUFGCTRL_X0Y1        BUFG (Prop_bufg_I_O)         0.029     1.128 r  CLK100MHZ_IBUF_BUFG_inst/O
                         net (fo=25, routed)          0.820     1.947    disp/CLK100MHZ_IBUF_BUFG
    SLICE_X48Y24         FDRE                                         r  disp/refresh_counter_reg[15]/C
                         clock pessimism             -0.511     1.436    <hidden>
    SLICE_X48Y24         FDRE (Hold_fdre_C_D)         0.105     1.541    disp/refresh_counter_reg[15]
  -------------------------------------------------------------------
                         required time                         -1.541    <hidden>
                         arrival time                           1.868    <hidden>
  -------------------------------------------------------------------
                         slack                                  0.327    <hidden>

Slack (MET) :             0.327ns  (arrival time - required time)
  Source:                 disp/refresh_counter_reg[7]/C
                            (rising edge-triggered cell FDRE clocked by sys_clk_pin  {rise@0.000ns fall@5.000ns period=10.000ns})
  Destination:            disp/refresh_counter_reg[7]/D
                            (rising edge-triggered cell FDRE clocked by sys_clk_pin  {rise@0.000ns fall@5.000ns period=10.000ns})
  Path Group:             sys_clk_pin
  Path Type:              Hold (Min at Fast Process Corner)
  Requirement:            0.000ns  (sys_clk_pin rise@0.000ns - sys_clk_pin rise@0.000ns)
  Data Path Delay:        0.432ns  (logic 0.249ns (57.658%)  route 0.183ns (42.342%))
  Logic Levels:           1  (CARRY4=1)
  Clock Path Skew:        0.000ns (DCD - SCD - CPR)
    Destination Clock Delay (DCD):    1.950ns
    Source Clock Delay      (SCD):    1.439ns
    Clock Pessimism Removal (CPR):    0.511ns

    Location             Delay type                Incr(ns)  Path(ns)    Netlist Resource(s)
  -------------------------------------------------------------------    -------------------
                         (clock sys_clk_pin rise edge)
                                                      0.000     0.000 r  <hidden>
    W5                                                0.000     0.000 r  CLK100MHZ
                         net (fo=0)                   0.000     0.000    CLK100MHZ
    W5                   IBUF (Prop_ibuf_I_O)         0.226     0.226 r  CLK100MHZ_IBUF_inst/O
                         net (fo=1, routed)           0.631     0.858    CLK100MHZ_IBUF
    BUFGCTRL_X0Y1        BUFG (Prop_bufg_I_O)         0.026     0.884 r  CLK100MHZ_IBUF_BUFG_inst/O
                         net (fo=25, routed)          0.556     1.439    disp/CLK100MHZ_IBUF_BUFG
    SLICE_X48Y22         FDRE                                         r  disp/refresh_counter_reg[7]/C
  -------------------------------------------------------------------    -------------------
    SLICE_X48Y22         FDRE (Prop_fdre_C_Q)         0.141     1.580 r  disp/refresh_counter_reg[7]/Q
                         net (fo=1, routed)           0.183     1.763    disp/refresh_counter_reg_n_0_[7]
    SLICE_X48Y22         CARRY4 (Prop_carry4_S[3]_O[3])
                                                      0.108     1.871 r  disp/refresh_counter_reg[4]_i_1/O[3]
                         net (fo=1, routed)           0.000     1.871    disp/refresh_counter_reg[4]_i_1_n_4
    SLICE_X48Y22         FDRE                                         r  disp/refresh_counter_reg[7]/D
  -------------------------------------------------------------------    -------------------

                         (clock sys_clk_pin rise edge)
                                                      0.000     0.000 r  <hidden>
    W5                                                0.000     0.000 r  CLK100MHZ
                         net (fo=0)                   0.000     0.000    CLK100MHZ
    W5                   IBUF (Prop_ibuf_I_O)         0.414     0.414 r  CLK100MHZ_IBUF_inst/O
                         net (fo=1, routed)           0.685     1.099    CLK100MHZ_IBUF
    BUFGCTRL_X0Y1        BUFG (Prop_bufg_I_O)         0.029     1.128 r  CLK100MHZ_IBUF_BUFG_inst/O
                         net (fo=25, routed)          0.823     1.950    disp/CLK100MHZ_IBUF_BUFG
    SLICE_X48Y22         FDRE                                         r  disp/refresh_counter_reg[7]/C
                         clock pessimism             -0.511     1.439    <hidden>
    SLICE_X48Y22         FDRE (Hold_fdre_C_D)         0.105     1.544    disp/refresh_counter_reg[7]
  -------------------------------------------------------------------
                         required time                         -1.544    <hidden>
                         arrival time                           1.871    <hidden>
  -------------------------------------------------------------------
                         slack                                  0.327    <hidden>

Slack (MET) :             0.351ns  (arrival time - required time)
  Source:                 disp/refresh_counter_reg[19]/C
                            (rising edge-triggered cell FDRE clocked by sys_clk_pin  {rise@0.000ns fall@5.000ns period=10.000ns})
  Destination:            disp/refresh_counter_reg[19]/D
                            (rising edge-triggered cell FDRE clocked by sys_clk_pin  {rise@0.000ns fall@5.000ns period=10.000ns})
  Path Group:             sys_clk_pin
  Path Type:              Hold (Min at Fast Process Corner)
  Requirement:            0.000ns  (sys_clk_pin rise@0.000ns - sys_clk_pin rise@0.000ns)
  Data Path Delay:        0.456ns  (logic 0.249ns (54.575%)  route 0.207ns (45.425%))
  Logic Levels:           1  (CARRY4=1)
  Clock Path Skew:        0.000ns (DCD - SCD - CPR)
    Destination Clock Delay (DCD):    1.947ns
    Source Clock Delay      (SCD):    1.436ns
    Clock Pessimism Removal (CPR):    0.511ns

    Location             Delay type                Incr(ns)  Path(ns)    Netlist Resource(s)
  -------------------------------------------------------------------    -------------------
                         (clock sys_clk_pin rise edge)
                                                      0.000     0.000 r  <hidden>
    W5                                                0.000     0.000 r  CLK100MHZ
                         net (fo=0)                   0.000     0.000    CLK100MHZ
    W5                   IBUF (Prop_ibuf_I_O)         0.226     0.226 r  CLK100MHZ_IBUF_inst/O
                         net (fo=1, routed)           0.631     0.858    CLK100MHZ_IBUF
    BUFGCTRL_X0Y1        BUFG (Prop_bufg_I_O)         0.026     0.884 r  CLK100MHZ_IBUF_BUFG_inst/O
                         net (fo=25, routed)          0.553     1.436    disp/CLK100MHZ_IBUF_BUFG
    SLICE_X48Y25         FDRE                                         r  disp/refresh_counter_reg[19]/C
  -------------------------------------------------------------------    -------------------
    SLICE_X48Y25         FDRE (Prop_fdre_C_Q)         0.141     1.577 r  disp/refresh_counter_reg[19]/Q
                         net (fo=21, routed)          0.207     1.784    disp/digit_sel[1]
    SLICE_X48Y25         CARRY4 (Prop_carry4_S[3]_O[3])
                                                      0.108     1.892 r  disp/refresh_counter_reg[16]_i_1/O[3]
                         net (fo=1, routed)           0.000     1.892    disp/refresh_counter_reg[16]_i_1_n_4
    SLICE_X48Y25         FDRE                                         r  disp/refresh_counter_reg[19]/D
  -------------------------------------------------------------------    -------------------

                         (clock sys_clk_pin rise edge)
                                                      0.000     0.000 r  <hidden>
    W5                                                0.000     0.000 r  CLK100MHZ
                         net (fo=0)                   0.000     0.000    CLK100MHZ
    W5                   IBUF (Prop_ibuf_I_O)         0.414     0.414 r  CLK100MHZ_IBUF_inst/O
                         net (fo=1, routed)           0.685     1.099    CLK100MHZ_IBUF
    BUFGCTRL_X0Y1        BUFG (Prop_bufg_I_O)         0.029     1.128 r  CLK100MHZ_IBUF_BUFG_inst/O
                         net (fo=25, routed)          0.820     1.947    disp/CLK100MHZ_IBUF_BUFG
    SLICE_X48Y25         FDRE                                         r  disp/refresh_counter_reg[19]/C
                         clock pessimism             -0.511     1.436    <hidden>
    SLICE_X48Y25         FDRE (Hold_fdre_C_D)         0.105     1.541    disp/refresh_counter_reg[19]
  -------------------------------------------------------------------
                         required time                         -1.541    <hidden>
                         arrival time                           1.892    <hidden>
  -------------------------------------------------------------------
                         slack                                  0.351    <hidden>

Slack (MET) :             0.356ns  (arrival time - required time)
  Source:                 disp/refresh_counter_reg[4]/C
                            (rising edge-triggered cell FDRE clocked by sys_clk_pin  {rise@0.000ns fall@5.000ns period=10.000ns})
  Destination:            disp/refresh_counter_reg[4]/D
                            (rising edge-triggered cell FDRE clocked by sys_clk_pin  {rise@0.000ns fall@5.000ns period=10.000ns})
  Path Group:             sys_clk_pin
  Path Type:              Hold (Min at Fast Process Corner)
  Requirement:            0.000ns  (sys_clk_pin rise@0.000ns - sys_clk_pin rise@0.000ns)
  Data Path Delay:        0.461ns  (logic 0.256ns (55.546%)  route 0.205ns (44.454%))
  Logic Levels:           1  (CARRY4=1)
  Clock Path Skew:        0.000ns (DCD - SCD - CPR)
    Destination Clock Delay (DCD):    1.950ns
    Source Clock Delay      (SCD):    1.439ns
    Clock Pessimism Removal (CPR):    0.511ns

    Location             Delay type                Incr(ns)  Path(ns)    Netlist Resource(s)
  -------------------------------------------------------------------    -------------------
                         (clock sys_clk_pin rise edge)
                                                      0.000     0.000 r  <hidden>
    W5                                                0.000     0.000 r  CLK100MHZ
                         net (fo=0)                   0.000     0.000    CLK100MHZ
    W5                   IBUF (Prop_ibuf_I_O)         0.226     0.226 r  CLK100MHZ_IBUF_inst/O
                         net (fo=1, routed)           0.631     0.858    CLK100MHZ_IBUF
    BUFGCTRL_X0Y1        BUFG (Prop_bufg_I_O)         0.026     0.884 r  CLK100MHZ_IBUF_BUFG_inst/O
                         net (fo=25, routed)          0.556     1.439    disp/CLK100MHZ_IBUF_BUFG
    SLICE_X48Y22         FDRE                                         r  disp/refresh_counter_reg[4]/C
  -------------------------------------------------------------------    -------------------
    SLICE_X48Y22         FDRE (Prop_fdre_C_Q)         0.141     1.580 r  disp/refresh_counter_reg[4]/Q
                         net (fo=1, routed)           0.205     1.785    disp/refresh_counter_reg_n_0_[4]
    SLICE_X48Y22         CARRY4 (Prop_carry4_S[0]_O[0])
                                                      0.115     1.900 r  disp/refresh_counter_reg[4]_i_1/O[0]
                         net (fo=1, routed)           0.000     1.900    disp/refresh_counter_reg[4]_i_1_n_7
    SLICE_X48Y22         FDRE                                         r  disp/refresh_counter_reg[4]/D
  -------------------------------------------------------------------    -------------------

                         (clock sys_clk_pin rise edge)
                                                      0.000     0.000 r  <hidden>
    W5                                                0.000     0.000 r  CLK100MHZ
                         net (fo=0)                   0.000     0.000    CLK100MHZ
    W5                   IBUF (Prop_ibuf_I_O)         0.414     0.414 r  CLK100MHZ_IBUF_inst/O
                         net (fo=1, routed)           0.685     1.099    CLK100MHZ_IBUF
    BUFGCTRL_X0Y1        BUFG (Prop_bufg_I_O)         0.029     1.128 r  CLK100MHZ_IBUF_BUFG_inst/O
                         net (fo=25, routed)          0.823     1.950    disp/CLK100MHZ_IBUF_BUFG
    SLICE_X48Y22         FDRE                                         r  disp/refresh_counter_reg[4]/C
                         clock pessimism             -0.511     1.439    <hidden>
    SLICE_X48Y22         FDRE (Hold_fdre_C_D)         0.105     1.544    disp/refresh_counter_reg[4]
  -------------------------------------------------------------------
                         required time                         -1.544    <hidden>
                         arrival time                           1.900    <hidden>
  -------------------------------------------------------------------
                         slack                                  0.356    <hidden>

Slack (MET) :             0.356ns  (arrival time - required time)
  Source:                 disp/refresh_counter_reg[8]/C
                            (rising edge-triggered cell FDRE clocked by sys_clk_pin  {rise@0.000ns fall@5.000ns period=10.000ns})
  Destination:            disp/refresh_counter_reg[8]/D
                            (rising edge-triggered cell FDRE clocked by sys_clk_pin  {rise@0.000ns fall@5.000ns period=10.000ns})
  Path Group:             sys_clk_pin
  Path Type:              Hold (Min at Fast Process Corner)
  Requirement:            0.000ns  (sys_clk_pin rise@0.000ns - sys_clk_pin rise@0.000ns)
  Data Path Delay:        0.461ns  (logic 0.256ns (55.546%)  route 0.205ns (44.454%))
  Logic Levels:           1  (CARRY4=1)
  Clock Path Skew:        0.000ns (DCD - SCD - CPR)
    Destination Clock Delay (DCD):    1.948ns
    Source Clock Delay      (SCD):    1.437ns
    Clock Pessimism Removal (CPR):    0.511ns

    Location             Delay type                Incr(ns)  Path(ns)    Netlist Resource(s)
  -------------------------------------------------------------------    -------------------
                         (clock sys_clk_pin rise edge)
                                                      0.000     0.000 r  <hidden>
    W5                                                0.000     0.000 r  CLK100MHZ
                         net (fo=0)                   0.000     0.000    CLK100MHZ
    W5                   IBUF (Prop_ibuf_I_O)         0.226     0.226 r  CLK100MHZ_IBUF_inst/O
                         net (fo=1, routed)           0.631     0.858    CLK100MHZ_IBUF
    BUFGCTRL_X0Y1        BUFG (Prop_bufg_I_O)         0.026     0.884 r  CLK100MHZ_IBUF_BUFG_inst/O
                         net (fo=25, routed)          0.554     1.437    disp/CLK100MHZ_IBUF_BUFG
    SLICE_X48Y23         FDRE                                         r  disp/refresh_counter_reg[8]/C
  -------------------------------------------------------------------    -------------------
    SLICE_X48Y23         FDRE (Prop_fdre_C_Q)         0.141     1.578 r  disp/refresh_counter_reg[8]/Q
                         net (fo=1, routed)           0.205     1.783    disp/refresh_counter_reg_n_0_[8]
    SLICE_X48Y23         CARRY4 (Prop_carry4_S[0]_O[0])
                                                      0.115     1.898 r  disp/refresh_counter_reg[8]_i_1/O[0]
                         net (fo=1, routed)           0.000     1.898    disp/refresh_counter_reg[8]_i_1_n_7
    SLICE_X48Y23         FDRE                                         r  disp/refresh_counter_reg[8]/D
  -------------------------------------------------------------------    -------------------

                         (clock sys_clk_pin rise edge)
                                                      0.000     0.000 r  <hidden>
    W5                                                0.000     0.000 r  CLK100MHZ
                         net (fo=0)                   0.000     0.000    CLK100MHZ
    W5                   IBUF (Prop_ibuf_I_O)         0.414     0.414 r  CLK100MHZ_IBUF_inst/O
                         net (fo=1, routed)           0.685     1.099    CLK100MHZ_IBUF
    BUFGCTRL_X0Y1        BUFG (Prop_bufg_I_O)         0.029     1.128 r  CLK100MHZ_IBUF_BUFG_inst/O
                         net (fo=25, routed)          0.821     1.948    disp/CLK100MHZ_IBUF_BUFG
    SLICE_X48Y23         FDRE                                         r  disp/refresh_counter_reg[8]/C
                         clock pessimism             -0.511     1.437    <hidden>
    SLICE_X48Y23         FDRE (Hold_fdre_C_D)         0.105     1.542    disp/refresh_counter_reg[8]
  -------------------------------------------------------------------
                         required time                         -1.542    <hidden>
                         arrival time                           1.898    <hidden>
  -------------------------------------------------------------------
                         slack                                  0.356    <hidden>

Slack (MET) :             0.356ns  (arrival time - required time)
  Source:                 disp/refresh_counter_reg[12]/C
                            (rising edge-triggered cell FDRE clocked by sys_clk_pin  {rise@0.000ns fall@5.000ns period=10.000ns})
  Destination:            disp/refresh_counter_reg[12]/D
                            (rising edge-triggered cell FDRE clocked by sys_clk_pin  {rise@0.000ns fall@5.000ns period=10.000ns})
  Path Group:             sys_clk_pin
  Path Type:              Hold (Min at Fast Process Corner)
  Requirement:            0.000ns  (sys_clk_pin rise@0.000ns - sys_clk_pin rise@0.000ns)
  Data Path Delay:        0.461ns  (logic 0.256ns (55.546%)  route 0.205ns (44.454%))
  Logic Levels:           1  (CARRY4=1)
  Clock Path Skew:        0.000ns (DCD - SCD - CPR)
    Destination Clock Delay (DCD):    1.947ns
    Source Clock Delay      (SCD):    1.436ns
    Clock Pessimism Removal (CPR):    0.511ns

    Location             Delay type                Incr(ns)  Path(ns)    Netlist Resource(s)
  -------------------------------------------------------------------    -------------------
                         (clock sys_clk_pin rise edge)
                                                      0.000     0.000 r  <hidden>
    W5                                                0.000     0.000 r  CLK100MHZ
                         net (fo=0)                   0.000     0.000    CLK100MHZ
    W5                   IBUF (Prop_ibuf_I_O)         0.226     0.226 r  CLK100MHZ_IBUF_inst/O
                         net (fo=1, routed)           0.631     0.858    CLK100MHZ_IBUF
    BUFGCTRL_X0Y1        BUFG (Prop_bufg_I_O)         0.026     0.884 r  CLK100MHZ_IBUF_BUFG_inst/O
                         net (fo=25, routed)          0.553     1.436    disp/CLK100MHZ_IBUF_BUFG
    SLICE_X48Y24         FDRE                                         r  disp/refresh_counter_reg[12]/C
  -------------------------------------------------------------------    -------------------
    SLICE_X48Y24         FDRE (Prop_fdre_C_Q)         0.141     1.577 r  disp/refresh_counter_reg[12]/Q
                         net (fo=1, routed)           0.205     1.782    disp/refresh_counter_reg_n_0_[12]
    SLICE_X48Y24         CARRY4 (Prop_carry4_S[0]_O[0])
                                                      0.115     1.897 r  disp/refresh_counter_reg[12]_i_1/O[0]
                         net (fo=1, routed)           0.000     1.897    disp/refresh_counter_reg[12]_i_1_n_7
    SLICE_X48Y24         FDRE                                         r  disp/refresh_counter_reg[12]/D
  -------------------------------------------------------------------    -------------------

                         (clock sys_clk_pin rise edge)
                                                      0.000     0.000 r  <hidden>
    W5                                                0.000     0.000 r  CLK100MHZ
                         net (fo=0)                   0.000     0.000    CLK100MHZ
    W5                   IBUF (Prop_ibuf_I_O)         0.414     0.414 r  CLK100MHZ_IBUF_inst/O
                         net (fo=1, routed)           0.685     1.099    CLK100MHZ_IBUF
    BUFGCTRL_X0Y1        BUFG (Prop_bufg_I_O)         0.029     1.128 r  CLK100MHZ_IBUF_BUFG_inst/O
                         net (fo=25, routed)          0.820     1.947    disp/CLK100MHZ_IBUF_BUFG
    SLICE_X48Y24         FDRE                                         r  disp/refresh_counter_reg[12]/C
                         clock pessimism             -0.511     1.436    <hidden>
    SLICE_X48Y24         FDRE (Hold_fdre_C_D)         0.105     1.541    disp/refresh_counter_reg[12]
  -------------------------------------------------------------------
                         required time                         -1.541    <hidden>
                         arrival time                           1.897    <hidden>
  -------------------------------------------------------------------
                         slack                                  0.356    <hidden>

Slack (MET) :             0.360ns  (arrival time - required time)
  Source:                 disp/refresh_counter_reg[0]/C
                            (rising edge-triggered cell FDRE clocked by sys_clk_pin  {rise@0.000ns fall@5.000ns period=10.000ns})
  Destination:            disp/refresh_counter_reg[1]/D
                            (rising edge-triggered cell FDRE clocked by sys_clk_pin  {rise@0.000ns fall@5.000ns period=10.000ns})
  Path Group:             sys_clk_pin
  Path Type:              Hold (Min at Fast Process Corner)
  Requirement:            0.000ns  (sys_clk_pin rise@0.000ns - sys_clk_pin rise@0.000ns)
  Data Path Delay:        0.465ns  (logic 0.292ns (62.850%)  route 0.173ns (37.150%))
  Logic Levels:           2  (CARRY4=1 LUT1=1)
  Clock Path Skew:        0.000ns (DCD - SCD - CPR)
    Destination Clock Delay (DCD):    1.951ns
    Source Clock Delay      (SCD):    1.439ns
    Clock Pessimism Removal (CPR):    0.512ns

    Location             Delay type                Incr(ns)  Path(ns)    Netlist Resource(s)
  -------------------------------------------------------------------    -------------------
                         (clock sys_clk_pin rise edge)
                                                      0.000     0.000 r  <hidden>
    W5                                                0.000     0.000 r  CLK100MHZ
                         net (fo=0)                   0.000     0.000    CLK100MHZ
    W5                   IBUF (Prop_ibuf_I_O)         0.226     0.226 r  CLK100MHZ_IBUF_inst/O
                         net (fo=1, routed)           0.631     0.858    CLK100MHZ_IBUF
    BUFGCTRL_X0Y1        BUFG (Prop_bufg_I_O)         0.026     0.884 r  CLK100MHZ_IBUF_BUFG_inst/O
                         net (fo=25, routed)          0.556     1.439    disp/CLK100MHZ_IBUF_BUFG
    SLICE_X48Y21         FDRE                                         r  disp/refresh_counter_reg[0]/C
  -------------------------------------------------------------------    -------------------
    SLICE_X48Y21         FDRE (Prop_fdre_C_Q)         0.141     1.580 f  disp/refresh_counter_reg[0]/Q
                         net (fo=1, routed)           0.173     1.753    disp/refresh_counter_reg_n_0_[0]
    SLICE_X48Y21         LUT1 (Prop_lut1_I0_O)        0.045     1.798 r  disp/refresh_counter[0]_i_2/O
                         net (fo=1, routed)           0.000     1.798    disp/refresh_counter[0]_i_2_n_0
    SLICE_X48Y21         CARRY4 (Prop_carry4_S[0]_O[1])
                                                      0.106     1.904 r  disp/refresh_counter_reg[0]_i_1/O[1]
                         net (fo=1, routed)           0.000     1.904    disp/refresh_counter_reg[0]_i_1_n_6
    SLICE_X48Y21         FDRE                                         r  disp/refresh_counter_reg[1]/D
  -------------------------------------------------------------------    -------------------

                         (clock sys_clk_pin rise edge)
                                                      0.000     0.000 r  <hidden>
    W5                                                0.000     0.000 r  CLK100MHZ
                         net (fo=0)                   0.000     0.000    CLK100MHZ
    W5                   IBUF (Prop_ibuf_I_O)         0.414     0.414 r  CLK100MHZ_IBUF_inst/O
                         net (fo=1, routed)           0.685     1.099    CLK100MHZ_IBUF
    BUFGCTRL_X0Y1        BUFG (Prop_bufg_I_O)         0.029     1.128 r  CLK100MHZ_IBUF_BUFG_inst/O
                         net (fo=25, routed)          0.824     1.951    disp/CLK100MHZ_IBUF_BUFG
    SLICE_X48Y21         FDRE                                         r  disp/refresh_counter_reg[1]/C
                         clock pessimism             -0.512     1.439    <hidden>
    SLICE_X48Y21         FDRE (Hold_fdre_C_D)         0.105     1.544    disp/refresh_counter_reg[1]
  -------------------------------------------------------------------
                         required time                         -1.544    <hidden>
                         arrival time                           1.904    <hidden>
  -------------------------------------------------------------------
                         slack                                  0.360    <hidden>





Pulse Width Checks
--------------------------------------------------------------------------------------
Clock Name:         sys_clk_pin
Waveform(ns):       { 0.000 5.000 }
Period(ns):         10.000
Sources:            { CLK100MHZ }

Check Type        Corner  Lib Pin             Reference Pin  Required(ns)  Actual(ns)  Slack(ns)  Location       Pin
Min Period        n/a     RAMB18E1/CLKARDCLK  n/a            2.944         10.000      7.056      RAMB18_X1Y12   cpu/dat/Data_Mem0/DATAMEM_reg/CLKARDCLK
Min Period        n/a     RAMB18E1/CLKBWRCLK  n/a            2.944         10.000      7.056      RAMB18_X1Y12   cpu/dat/Data_Mem0/DATAMEM_reg/CLKBWRCLK
Min Period        n/a     RAMB18E1/CLKARDCLK  n/a            2.944         10.000      7.056      RAMB18_X1Y13   imem/mem_reg/CLKARDCLK
Min Period        n/a     RAMB18E1/CLKBWRCLK  n/a            2.944         10.000      7.056      RAMB18_X1Y13   imem/mem_reg/CLKBWRCLK
Min Period        n/a     BUFG/I              n/a            2.155         10.000      7.845      BUFGCTRL_X0Y1  CLK100MHZ_IBUF_BUFG_inst/I
Min Period        n/a     FDRE/C              n/a            1.000         10.000      9.000      SLICE_X36Y46   btn_prev_reg/C
Min Period        n/a     FDRE/C              n/a            1.000         10.000      9.000      SLICE_X48Y21   disp/refresh_counter_reg[0]/C
Min Period        n/a     FDRE/C              n/a            1.000         10.000      9.000      SLICE_X48Y23   disp/refresh_counter_reg[10]/C
Min Period        n/a     FDRE/C              n/a            1.000         10.000      9.000      SLICE_X48Y23   disp/refresh_counter_reg[11]/C
Min Period        n/a     FDRE/C              n/a            1.000         10.000      9.000      SLICE_X48Y24   disp/refresh_counter_reg[12]/C
Low Pulse Width   Slow    FDRE/C              n/a            0.500         5.000       4.500      SLICE_X36Y46   btn_prev_reg/C
Low Pulse Width   Fast    FDRE/C              n/a            0.500         5.000       4.500      SLICE_X36Y46   btn_prev_reg/C
Low Pulse Width   Slow    FDRE/C              n/a            0.500         5.000       4.500      SLICE_X48Y21   disp/refresh_counter_reg[0]/C
Low Pulse Width   Fast    FDRE/C              n/a            0.500         5.000       4.500      SLICE_X48Y21   disp/refresh_counter_reg[0]/C
Low Pulse Width   Slow    FDRE/C              n/a            0.500         5.000       4.500      SLICE_X48Y23   disp/refresh_counter_reg[10]/C
Low Pulse Width   Fast    FDRE/C              n/a            0.500         5.000       4.500      SLICE_X48Y23   disp/refresh_counter_reg[10]/C
Low Pulse Width   Slow    FDRE/C              n/a            0.500         5.000       4.500      SLICE_X48Y23   disp/refresh_counter_reg[11]/C
Low Pulse Width   Fast    FDRE/C              n/a            0.500         5.000       4.500      SLICE_X48Y23   disp/refresh_counter_reg[11]/C
Low Pulse Width   Slow    FDRE/C              n/a            0.500         5.000       4.500      SLICE_X48Y24   disp/refresh_counter_reg[12]/C
Low Pulse Width   Fast    FDRE/C              n/a            0.500         5.000       4.500      SLICE_X48Y24   disp/refresh_counter_reg[12]/C
High Pulse Width  Slow    FDRE/C              n/a            0.500         5.000       4.500      SLICE_X36Y46   btn_prev_reg/C
High Pulse Width  Fast    FDRE/C              n/a            0.500         5.000       4.500      SLICE_X36Y46   btn_prev_reg/C
High Pulse Width  Slow    FDRE/C              n/a            0.500         5.000       4.500      SLICE_X48Y21   disp/refresh_counter_reg[0]/C
High Pulse Width  Fast    FDRE/C              n/a            0.500         5.000       4.500      SLICE_X48Y21   disp/refresh_counter_reg[0]/C
High Pulse Width  Slow    FDRE/C              n/a            0.500         5.000       4.500      SLICE_X48Y23   disp/refresh_counter_reg[10]/C
High Pulse Width  Fast    FDRE/C              n/a            0.500         5.000       4.500      SLICE_X48Y23   disp/refresh_counter_reg[10]/C
High Pulse Width  Slow    FDRE/C              n/a            0.500         5.000       4.500      SLICE_X48Y23   disp/refresh_counter_reg[11]/C
High Pulse Width  Fast    FDRE/C              n/a            0.500         5.000       4.500      SLICE_X48Y23   disp/refresh_counter_reg[11]/C
High Pulse Width  Slow    FDRE/C              n/a            0.500         5.000       4.500      SLICE_X48Y24   disp/refresh_counter_reg[12]/C
High Pulse Width  Fast    FDRE/C              n/a            0.500         5.000       4.500      SLICE_X48Y24   disp/refresh_counter_reg[12]/C



--------------------------------------------------------------------------------------
Path Group:  (none)
From Clock:  
  To Clock:  

Max Delay           409 Endpoints
Min Delay           409 Endpoints
--------------------------------------------------------------------------------------


Max Delay Paths
--------------------------------------------------------------------------------------
Slack:                    inf
  Source:                 cpu/control_unit/im_mux1_reg/G
                            (positive level-sensitive latch)
  Destination:            cpu/dat/IR/Q_reg[31]/D
  Path Group:             (none)
  Path Type:              Max at Slow Process Corner
  Data Path Delay:        17.735ns  (logic 3.256ns (18.359%)  route 14.479ns (81.641%))
  Logic Levels:           17  (LDCE=1 LUT2=1 LUT5=1 LUT6=13 MUXF7=1)

    Location             Delay type                Incr(ns)  Path(ns)    Netlist Resource(s)
  -------------------------------------------------------------------    -------------------
    SLICE_X43Y34         LDCE                         0.000     0.000 r  cpu/control_unit/im_mux1_reg/G
    SLICE_X43Y34         LDCE (EnToQ_ldce_G_Q)        0.783     0.783 r  cpu/control_unit/im_mux1_reg/Q
                         net (fo=136, routed)         3.552     4.335    cpu/dat/Reg_A/dp_mux1
    SLICE_X50Y26         LUT2 (Prop_lut2_I1_O)        0.146     4.481 f  cpu/dat/Reg_A/mem_reg_i_95/O
                         net (fo=4, routed)           0.630     5.110    cpu/dat/Reg_B/mem_reg_i_91_0
    SLICE_X50Y27         LUT6 (Prop_lut6_I3_O)        0.328     5.438 f  cpu/dat/Reg_B/mem_reg_i_264/O
                         net (fo=1, routed)           0.536     5.974    cpu/dat/Reg_B/mem_reg_i_264_n_0
    SLICE_X48Y26         LUT6 (Prop_lut6_I1_O)        0.124     6.098 r  cpu/dat/Reg_B/mem_reg_i_170/O
                         net (fo=3, routed)           0.899     6.997    cpu/dat/Reg_B/mem_reg_i_170_n_0
    SLICE_X46Y26         LUT6 (Prop_lut6_I5_O)        0.124     7.121 f  cpu/dat/Reg_B/mem_reg_i_287/O
                         net (fo=1, routed)           0.669     7.790    cpu/dat/Reg_B/mem_reg_i_287_n_0
    SLICE_X42Y26         LUT6 (Prop_lut6_I1_O)        0.124     7.914 r  cpu/dat/Reg_B/mem_reg_i_251/O
                         net (fo=2, routed)           0.818     8.732    cpu/dat/Reg_B/mem_reg_i_251_n_0
    SLICE_X41Y27         LUT6 (Prop_lut6_I5_O)        0.124     8.856 f  cpu/dat/Reg_B/mem_reg_i_302/O
                         net (fo=1, routed)           0.414     9.270    cpu/dat/Reg_B/mem_reg_i_302_n_0
    SLICE_X39Y27         LUT6 (Prop_lut6_I1_O)        0.124     9.394 r  cpu/dat/Reg_B/mem_reg_i_283/O
                         net (fo=2, routed)           1.144    10.538    cpu/control_unit/mem_reg_i_281_2
    SLICE_X38Y29         LUT6 (Prop_lut6_I5_O)        0.124    10.662 r  cpu/control_unit/mem_reg_i_297/O
                         net (fo=1, routed)           0.165    10.827    cpu/control_unit/mem_reg_i_297_n_0
    SLICE_X38Y29         LUT6 (Prop_lut6_I0_O)        0.124    10.951 r  cpu/control_unit/mem_reg_i_281/O
                         net (fo=2, routed)           0.812    11.763    cpu/control_unit/Q_reg[18]_0
    SLICE_X38Y30         LUT6 (Prop_lut6_I5_O)        0.124    11.887 f  cpu/control_unit/mem_reg_i_280/O
                         net (fo=1, routed)           0.872    12.759    cpu/control_unit/mem_reg_i_280_n_0
    SLICE_X38Y32         LUT6 (Prop_lut6_I1_O)        0.124    12.883 r  cpu/control_unit/mem_reg_i_213/O
                         net (fo=2, routed)           0.413    13.296    cpu/dat/IR/mem_reg_i_102
    SLICE_X39Y33         LUT6 (Prop_lut6_I0_O)        0.124    13.420 r  cpu/dat/IR/mem_reg_i_202/O
                         net (fo=4, routed)           0.834    14.254    cpu/control_unit/mem_reg_i_51_2
    SLICE_X40Y34         LUT6 (Prop_lut6_I5_O)        0.124    14.378 r  cpu/control_unit/mem_reg_i_189/O
                         net (fo=1, routed)           1.015    15.393    cpu/control_unit/mem_reg_i_189_n_0
    SLICE_X39Y34         LUT6 (Prop_lut6_I1_O)        0.124    15.517 r  cpu/control_unit/mem_reg_i_98/O
                         net (fo=1, routed)           0.000    15.517    cpu/control_unit/mem_reg_i_98_n_0
    SLICE_X39Y34         MUXF7 (Prop_muxf7_I0_O)      0.212    15.729 r  cpu/control_unit/mem_reg_i_49/O
                         net (fo=4, routed)           1.146    16.875    cpu/control_unit/mem_reg_i_49_n_0
    SLICE_X48Y35         LUT5 (Prop_lut5_I0_O)        0.299    17.174 r  cpu/control_unit/mem_reg_i_17/O
                         net (fo=2, routed)           0.562    17.735    cpu/dat/IR/Q_reg[31]_5[6]
    SLICE_X46Y35         FDRE                                         r  cpu/dat/IR/Q_reg[31]/D
  -------------------------------------------------------------------    -------------------

Slack:                    inf
  Source:                 cpu/control_unit/im_mux1_reg/G
                            (positive level-sensitive latch)
  Destination:            cpu/dat/IR/Q_reg[26]/D
  Path Group:             (none)
  Path Type:              Max at Slow Process Corner
  Data Path Delay:        17.621ns  (logic 3.132ns (17.774%)  route 14.489ns (82.226%))
  Logic Levels:           16  (LDCE=1 LUT2=1 LUT5=1 LUT6=12 MUXF7=1)

    Location             Delay type                Incr(ns)  Path(ns)    Netlist Resource(s)
  -------------------------------------------------------------------    -------------------
    SLICE_X43Y34         LDCE                         0.000     0.000 r  cpu/control_unit/im_mux1_reg/G
    SLICE_X43Y34         LDCE (EnToQ_ldce_G_Q)        0.783     0.783 r  cpu/control_unit/im_mux1_reg/Q
                         net (fo=136, routed)         3.552     4.335    cpu/dat/Reg_A/dp_mux1
    SLICE_X50Y26         LUT2 (Prop_lut2_I1_O)        0.146     4.481 f  cpu/dat/Reg_A/mem_reg_i_95/O
                         net (fo=4, routed)           0.630     5.110    cpu/dat/Reg_B/mem_reg_i_91_0
    SLICE_X50Y27         LUT6 (Prop_lut6_I3_O)        0.328     5.438 f  cpu/dat/Reg_B/mem_reg_i_264/O
                         net (fo=1, routed)           0.536     5.974    cpu/dat/Reg_B/mem_reg_i_264_n_0
    SLICE_X48Y26         LUT6 (Prop_lut6_I1_O)        0.124     6.098 r  cpu/dat/Reg_B/mem_reg_i_170/O
                         net (fo=3, routed)           0.899     6.997    cpu/dat/Reg_B/mem_reg_i_170_n_0
    SLICE_X46Y26         LUT6 (Prop_lut6_I5_O)        0.124     7.121 f  cpu/dat/Reg_B/mem_reg_i_287/O
                         net (fo=1, routed)           0.669     7.790    cpu/dat/Reg_B/mem_reg_i_287_n_0
    SLICE_X42Y26         LUT6 (Prop_lut6_I1_O)        0.124     7.914 r  cpu/dat/Reg_B/mem_reg_i_251/O
                         net (fo=2, routed)           0.818     8.732    cpu/dat/Reg_B/mem_reg_i_251_n_0
    SLICE_X41Y27         LUT6 (Prop_lut6_I5_O)        0.124     8.856 f  cpu/dat/Reg_B/mem_reg_i_302/O
                         net (fo=1, routed)           0.414     9.270    cpu/dat/Reg_B/mem_reg_i_302_n_0
    SLICE_X39Y27         LUT6 (Prop_lut6_I1_O)        0.124     9.394 r  cpu/dat/Reg_B/mem_reg_i_283/O
                         net (fo=2, routed)           1.144    10.538    cpu/control_unit/mem_reg_i_281_2
    SLICE_X38Y29         LUT6 (Prop_lut6_I5_O)        0.124    10.662 r  cpu/control_unit/mem_reg_i_297/O
                         net (fo=1, routed)           0.165    10.827    cpu/control_unit/mem_reg_i_297_n_0
    SLICE_X38Y29         LUT6 (Prop_lut6_I0_O)        0.124    10.951 r  cpu/control_unit/mem_reg_i_281/O
                         net (fo=2, routed)           1.028    11.979    cpu/dat/Reg_B/mem_reg_i_120_0
    SLICE_X37Y30         LUT6 (Prop_lut6_I0_O)        0.124    12.103 r  cpu/dat/Reg_B/mem_reg_i_224/O
                         net (fo=2, routed)           0.806    12.910    cpu/dat/Reg_B/mem_reg_i_224_n_0
    SLICE_X37Y31         LUT6 (Prop_lut6_I0_O)        0.124    13.034 r  cpu/dat/Reg_B/mem_reg_i_221/O
                         net (fo=2, routed)           0.814    13.848    cpu/dat/Reg_B/Q_reg[23]_1
    SLICE_X37Y33         LUT6 (Prop_lut6_I2_O)        0.124    13.972 f  cpu/dat/Reg_B/mem_reg_i_214/O
                         net (fo=1, routed)           0.667    14.639    cpu/dat/Reg_B/mem_reg_i_214_n_0
    SLICE_X37Y33         LUT6 (Prop_lut6_I0_O)        0.124    14.763 f  cpu/dat/Reg_B/mem_reg_i_113/O
                         net (fo=1, routed)           0.000    14.763    cpu/dat/Reg_B/mem_reg_i_113_n_0
    SLICE_X37Y33         MUXF7 (Prop_muxf7_I0_O)      0.212    14.975 f  cpu/dat/Reg_B/mem_reg_i_54/O
                         net (fo=4, routed)           1.499    16.474    cpu/dat/Data_Mem0/Q_reg[26]_0
    SLICE_X48Y30         LUT5 (Prop_lut5_I4_O)        0.299    16.773 r  cpu/dat/Data_Mem0/mem_reg_i_22/O
                         net (fo=2, routed)           0.848    17.621    cpu/dat/IR/cpu_to_mem[20]
    SLICE_X45Y32         FDRE                                         r  cpu/dat/IR/Q_reg[26]/D
  -------------------------------------------------------------------    -------------------

Slack:                    inf
  Source:                 cpu/control_unit/im_mux1_reg/G
                            (positive level-sensitive latch)
  Destination:            cpu/dat/Reg_Z/Q_reg/D
  Path Group:             (none)
  Path Type:              Max at Slow Process Corner
  Data Path Delay:        17.614ns  (logic 3.261ns (18.513%)  route 14.353ns (81.487%))
  Logic Levels:           17  (LDCE=1 LUT2=1 LUT4=1 LUT5=1 LUT6=12 MUXF7=1)

    Location             Delay type                Incr(ns)  Path(ns)    Netlist Resource(s)
  -------------------------------------------------------------------    -------------------
    SLICE_X43Y34         LDCE                         0.000     0.000 r  cpu/control_unit/im_mux1_reg/G
    SLICE_X43Y34         LDCE (EnToQ_ldce_G_Q)        0.783     0.783 r  cpu/control_unit/im_mux1_reg/Q
                         net (fo=136, routed)         3.552     4.335    cpu/dat/Reg_A/dp_mux1
    SLICE_X50Y26         LUT2 (Prop_lut2_I1_O)        0.146     4.481 f  cpu/dat/Reg_A/mem_reg_i_95/O
                         net (fo=4, routed)           0.981     5.462    cpu/dat/Reg_B/mem_reg_i_91_0
    SLICE_X48Y27         LUT6 (Prop_lut6_I4_O)        0.328     5.790 f  cpu/dat/Reg_B/mem_reg_i_315/O
                         net (fo=1, routed)           0.862     6.652    cpu/dat/Reg_B/mem_reg_i_315_n_0
    SLICE_X48Y26         LUT6 (Prop_lut6_I1_O)        0.124     6.776 r  cpu/dat/Reg_B/mem_reg_i_305/O
                         net (fo=2, routed)           0.828     7.604    cpu/dat/Reg_B/mem_reg_i_305_n_0
    SLICE_X47Y26         LUT6 (Prop_lut6_I0_O)        0.124     7.728 r  cpu/dat/Reg_B/mem_reg_i_288/O
                         net (fo=1, routed)           0.788     8.517    cpu/dat/Reg_B/mem_reg_i_288_n_0
    SLICE_X45Y26         LUT6 (Prop_lut6_I0_O)        0.124     8.641 r  cpu/dat/Reg_B/mem_reg_i_256/O
                         net (fo=2, routed)           0.434     9.075    cpu/dat/Reg_B/mem_reg_i_256_n_0
    SLICE_X43Y27         LUT6 (Prop_lut6_I0_O)        0.124     9.199 r  cpu/dat/Reg_B/mem_reg_i_253/O
                         net (fo=3, routed)           0.831    10.030    cpu/dat/Reg_B/mem_reg_i_253_n_0
    SLICE_X42Y27         LUT6 (Prop_lut6_I0_O)        0.124    10.154 r  cpu/dat/Reg_B/mem_reg_i_250/O
                         net (fo=2, routed)           0.793    10.946    cpu/dat/Reg_B/mem_reg_i_250_n_0
    SLICE_X40Y27         LUT6 (Prop_lut6_I2_O)        0.124    11.070 r  cpu/dat/Reg_B/mem_reg_i_142/O
                         net (fo=1, routed)           0.412    11.482    cpu/dat/Reg_A/mem_reg_i_33
    SLICE_X39Y27         LUT6 (Prop_lut6_I0_O)        0.124    11.606 f  cpu/dat/Reg_A/mem_reg_i_66/O
                         net (fo=1, routed)           0.000    11.606    cpu/dat/Reg_B/Q_reg[15]_1
    SLICE_X39Y27         MUXF7 (Prop_muxf7_I1_O)      0.217    11.823 f  cpu/dat/Reg_B/mem_reg_i_33/O
                         net (fo=2, routed)           1.734    13.557    cpu/dat/Reg_B/Q_reg[15]_0
    SLICE_X50Y30         LUT6 (Prop_lut6_I0_O)        0.299    13.856 f  cpu/dat/Reg_B/Q_i_8/O
                         net (fo=1, routed)           0.814    14.670    cpu/dat/Reg_B/Q_i_8_n_0
    SLICE_X47Y30         LUT4 (Prop_lut4_I2_O)        0.124    14.794 f  cpu/dat/Reg_B/Q_i_7/O
                         net (fo=1, routed)           0.302    15.096    cpu/dat/Reg_B/Q_i_7_n_0
    SLICE_X46Y31         LUT5 (Prop_lut5_I2_O)        0.124    15.220 f  cpu/dat/Reg_B/Q_i_6/O
                         net (fo=1, routed)           0.741    15.961    cpu/control_unit/Q_i_2_0
    SLICE_X40Y32         LUT6 (Prop_lut6_I4_O)        0.124    16.085 r  cpu/control_unit/Q_i_3/O
                         net (fo=1, routed)           0.599    16.683    cpu/control_unit/Q_i_3_n_0
    SLICE_X42Y33         LUT6 (Prop_lut6_I1_O)        0.124    16.807 f  cpu/control_unit/Q_i_2/O
                         net (fo=1, routed)           0.683    17.490    cpu/control_unit/Q_i_2_n_0
    SLICE_X43Y33         LUT6 (Prop_lut6_I2_O)        0.124    17.614 r  cpu/control_unit/Q_i_1/O
                         net (fo=1, routed)           0.000    17.614    cpu/dat/Reg_Z/Q_reg_0
    SLICE_X43Y33         FDCE                                         r  cpu/dat/Reg_Z/Q_reg/D
  -------------------------------------------------------------------    -------------------

Slack:                    inf
  Source:                 cpu/control_unit/im_mux1_reg/G
                            (positive level-sensitive latch)
  Destination:            cpu/dat/Reg_A/Q_reg[31]/D
  Path Group:             (none)
  Path Type:              Max at Slow Process Corner
  Data Path Delay:        17.414ns  (logic 3.256ns (18.698%)  route 14.158ns (81.302%))
  Logic Levels:           17  (LDCE=1 LUT2=1 LUT6=14 MUXF7=1)

    Location             Delay type                Incr(ns)  Path(ns)    Netlist Resource(s)
  -------------------------------------------------------------------    -------------------
    SLICE_X43Y34         LDCE                         0.000     0.000 r  cpu/control_unit/im_mux1_reg/G
    SLICE_X43Y34         LDCE (EnToQ_ldce_G_Q)        0.783     0.783 r  cpu/control_unit/im_mux1_reg/Q
                         net (fo=136, routed)         3.552     4.335    cpu/dat/Reg_A/dp_mux1
    SLICE_X50Y26         LUT2 (Prop_lut2_I1_O)        0.146     4.481 f  cpu/dat/Reg_A/mem_reg_i_95/O
                         net (fo=4, routed)           0.630     5.110    cpu/dat/Reg_B/mem_reg_i_91_0
    SLICE_X50Y27         LUT6 (Prop_lut6_I3_O)        0.328     5.438 f  cpu/dat/Reg_B/mem_reg_i_264/O
                         net (fo=1, routed)           0.536     5.974    cpu/dat/Reg_B/mem_reg_i_264_n_0
    SLICE_X48Y26         LUT6 (Prop_lut6_I1_O)        0.124     6.098 r  cpu/dat/Reg_B/mem_reg_i_170/O
                         net (fo=3, routed)           0.899     6.997    cpu/dat/Reg_B/mem_reg_i_170_n_0
    SLICE_X46Y26         LUT6 (Prop_lut6_I5_O)        0.124     7.121 f  cpu/dat/Reg_B/mem_reg_i_287/O
                         net (fo=1, routed)           0.669     7.790    cpu/dat/Reg_B/mem_reg_i_287_n_0
    SLICE_X42Y26         LUT6 (Prop_lut6_I1_O)        0.124     7.914 r  cpu/dat/Reg_B/mem_reg_i_251/O
                         net (fo=2, routed)           0.818     8.732    cpu/dat/Reg_B/mem_reg_i_251_n_0
    SLICE_X41Y27         LUT6 (Prop_lut6_I5_O)        0.124     8.856 f  cpu/dat/Reg_B/mem_reg_i_302/O
                         net (fo=1, routed)           0.414     9.270    cpu/dat/Reg_B/mem_reg_i_302_n_0
    SLICE_X39Y27         LUT6 (Prop_lut6_I1_O)        0.124     9.394 r  cpu/dat/Reg_B/mem_reg_i_283/O
                         net (fo=2, routed)           1.144    10.538    cpu/control_unit/mem_reg_i_281_2
    SLICE_X38Y29         LUT6 (Prop_lut6_I5_O)        0.124    10.662 r  cpu/control_unit/mem_reg_i_297/O
                         net (fo=1, routed)           0.165    10.827    cpu/control_unit/mem_reg_i_297_n_0
    SLICE_X38Y29         LUT6 (Prop_lut6_I0_O)        0.124    10.951 r  cpu/control_unit/mem_reg_i_281/O
                         net (fo=2, routed)           0.812    11.763    cpu/control_unit/Q_reg[18]_0
    SLICE_X38Y30         LUT6 (Prop_lut6_I5_O)        0.124    11.887 f  cpu/control_unit/mem_reg_i_280/O
                         net (fo=1, routed)           0.872    12.759    cpu/control_unit/mem_reg_i_280_n_0
    SLICE_X38Y32         LUT6 (Prop_lut6_I1_O)        0.124    12.883 r  cpu/control_unit/mem_reg_i_213/O
                         net (fo=2, routed)           0.413    13.296    cpu/dat/IR/mem_reg_i_102
    SLICE_X39Y33         LUT6 (Prop_lut6_I0_O)        0.124    13.420 r  cpu/dat/IR/mem_reg_i_202/O
                         net (fo=4, routed)           0.834    14.254    cpu/control_unit/mem_reg_i_51_2
    SLICE_X40Y34         LUT6 (Prop_lut6_I5_O)        0.124    14.378 r  cpu/control_unit/mem_reg_i_189/O
                         net (fo=1, routed)           1.015    15.393    cpu/control_unit/mem_reg_i_189_n_0
    SLICE_X39Y34         LUT6 (Prop_lut6_I1_O)        0.124    15.517 r  cpu/control_unit/mem_reg_i_98/O
                         net (fo=1, routed)           0.000    15.517    cpu/control_unit/mem_reg_i_98_n_0
    SLICE_X39Y34         MUXF7 (Prop_muxf7_I0_O)      0.212    15.729 r  cpu/control_unit/mem_reg_i_49/O
                         net (fo=4, routed)           1.386    17.115    cpu/control_unit/mem_reg_i_49_n_0
    SLICE_X48Y35         LUT6 (Prop_lut6_I1_O)        0.299    17.414 r  cpu/control_unit/Q[31]_i_1/O
                         net (fo=1, routed)           0.000    17.414    cpu/dat/Reg_A/D[31]
    SLICE_X48Y35         FDCE                                         r  cpu/dat/Reg_A/Q_reg[31]/D
  -------------------------------------------------------------------    -------------------

Slack:                    inf
  Source:                 cpu/control_unit/im_mux1_reg/G
                            (positive level-sensitive latch)
  Destination:            cpu/dat/Reg_B/Q_reg[31]/D
  Path Group:             (none)
  Path Type:              Max at Slow Process Corner
  Data Path Delay:        17.403ns  (logic 3.256ns (18.709%)  route 14.147ns (81.291%))
  Logic Levels:           17  (LDCE=1 LUT2=1 LUT6=14 MUXF7=1)

    Location             Delay type                Incr(ns)  Path(ns)    Netlist Resource(s)
  -------------------------------------------------------------------    -------------------
    SLICE_X43Y34         LDCE                         0.000     0.000 r  cpu/control_unit/im_mux1_reg/G
    SLICE_X43Y34         LDCE (EnToQ_ldce_G_Q)        0.783     0.783 r  cpu/control_unit/im_mux1_reg/Q
                         net (fo=136, routed)         3.552     4.335    cpu/dat/Reg_A/dp_mux1
    SLICE_X50Y26         LUT2 (Prop_lut2_I1_O)        0.146     4.481 f  cpu/dat/Reg_A/mem_reg_i_95/O
                         net (fo=4, routed)           0.630     5.110    cpu/dat/Reg_B/mem_reg_i_91_0
    SLICE_X50Y27         LUT6 (Prop_lut6_I3_O)        0.328     5.438 f  cpu/dat/Reg_B/mem_reg_i_264/O
                         net (fo=1, routed)           0.536     5.974    cpu/dat/Reg_B/mem_reg_i_264_n_0
    SLICE_X48Y26         LUT6 (Prop_lut6_I1_O)        0.124     6.098 r  cpu/dat/Reg_B/mem_reg_i_170/O
                         net (fo=3, routed)           0.899     6.997    cpu/dat/Reg_B/mem_reg_i_170_n_0
    SLICE_X46Y26         LUT6 (Prop_lut6_I5_O)        0.124     7.121 f  cpu/dat/Reg_B/mem_reg_i_287/O
                         net (fo=1, routed)           0.669     7.790    cpu/dat/Reg_B/mem_reg_i_287_n_0
    SLICE_X42Y26         LUT6 (Prop_lut6_I1_O)        0.124     7.914 r  cpu/dat/Reg_B/mem_reg_i_251/O
                         net (fo=2, routed)           0.818     8.732    cpu/dat/Reg_B/mem_reg_i_251_n_0
    SLICE_X41Y27         LUT6 (Prop_lut6_I5_O)        0.124     8.856 f  cpu/dat/Reg_B/mem_reg_i_302/O
                         net (fo=1, routed)           0.414     9.270    cpu/dat/Reg_B/mem_reg_i_302_n_0
    SLICE_X39Y27         LUT6 (Prop_lut6_I1_O)        0.124     9.394 r  cpu/dat/Reg_B/mem_reg_i_283/O
                         net (fo=2, routed)           1.144    10.538    cpu/control_unit/mem_reg_i_281_2
    SLICE_X38Y29         LUT6 (Prop_lut6_I5_O)        0.124    10.662 r  cpu/control_unit/mem_reg_i_297/O
                         net (fo=1, routed)           0.165    10.827    cpu/control_unit/mem_reg_i_297_n_0
    SLICE_X38Y29         LUT6 (Prop_lut6_I0_O)        0.124    10.951 r  cpu/control_unit/mem_reg_i_281/O
                         net (fo=2, routed)           0.812    11.763    cpu/control_unit/Q_reg[18]_0
    SLICE_X38Y30         LUT6 (Prop_lut6_I5_O)        0.124    11.887 f  cpu/control_unit/mem_reg_i_280/O
                         net (fo=1, routed)           0.872    12.759    cpu/control_unit/mem_reg_i_280_n_0
    SLICE_X38Y32         LUT6 (Prop_lut6_I1_O)        0.124    12.883 r  cpu/control_unit/mem_reg_i_213/O
                         net (fo=2, routed)           0.413    13.296    cpu/dat/IR/mem_reg_i_102
    SLICE_X39Y33         LUT6 (Prop_lut6_I0_O)        0.124    13.420 r  cpu/dat/IR/mem_reg_i_202/O
                         net (fo=4, routed)           0.834    14.254    cpu/control_unit/mem_reg_i_51_2
    SLICE_X40Y34         LUT6 (Prop_lut6_I5_O)        0.124    14.378 r  cpu/control_unit/mem_reg_i_189/O
                         net (fo=1, routed)           1.015    15.393    cpu/control_unit/mem_reg_i_189_n_0
    SLICE_X39Y34         LUT6 (Prop_lut6_I1_O)        0.124    15.517 r  cpu/control_unit/mem_reg_i_98/O
                         net (fo=1, routed)           0.000    15.517    cpu/control_unit/mem_reg_i_98_n_0
    SLICE_X39Y34         MUXF7 (Prop_muxf7_I0_O)      0.212    15.729 r  cpu/control_unit/mem_reg_i_49/O
                         net (fo=4, routed)           1.376    17.104    cpu/control_unit/mem_reg_i_49_n_0
    SLICE_X48Y34         LUT6 (Prop_lut6_I1_O)        0.299    17.403 r  cpu/control_unit/Q[31]_i_1__0/O
                         net (fo=1, routed)           0.000    17.403    cpu/dat/Reg_B/D[31]
    SLICE_X48Y34         FDCE                                         r  cpu/dat/Reg_B/Q_reg[31]/D
  -------------------------------------------------------------------    -------------------

Slack:                    inf
  Source:                 cpu/control_unit/im_mux1_reg/G
                            (positive level-sensitive latch)
  Destination:            cpu/dat/IR/Q_reg[30]/D
  Path Group:             (none)
  Path Type:              Max at Slow Process Corner
  Data Path Delay:        17.252ns  (logic 3.261ns (18.902%)  route 13.991ns (81.098%))
  Logic Levels:           17  (LDCE=1 LUT2=1 LUT5=1 LUT6=13 MUXF7=1)

    Location             Delay type                Incr(ns)  Path(ns)    Netlist Resource(s)
  -------------------------------------------------------------------    -------------------
    SLICE_X43Y34         LDCE                         0.000     0.000 r  cpu/control_unit/im_mux1_reg/G
    SLICE_X43Y34         LDCE (EnToQ_ldce_G_Q)        0.783     0.783 r  cpu/control_unit/im_mux1_reg/Q
                         net (fo=136, routed)         3.552     4.335    cpu/dat/Reg_A/dp_mux1
    SLICE_X50Y26         LUT2 (Prop_lut2_I1_O)        0.146     4.481 f  cpu/dat/Reg_A/mem_reg_i_95/O
                         net (fo=4, routed)           0.981     5.462    cpu/dat/Reg_B/mem_reg_i_91_0
    SLICE_X48Y27         LUT6 (Prop_lut6_I4_O)        0.328     5.790 f  cpu/dat/Reg_B/mem_reg_i_315/O
                         net (fo=1, routed)           0.862     6.652    cpu/dat/Reg_B/mem_reg_i_315_n_0
    SLICE_X48Y26         LUT6 (Prop_lut6_I1_O)        0.124     6.776 r  cpu/dat/Reg_B/mem_reg_i_305/O
                         net (fo=2, routed)           0.831     7.607    cpu/dat/Reg_B/mem_reg_i_305_n_0
    SLICE_X47Y26         LUT6 (Prop_lut6_I5_O)        0.124     7.731 f  cpu/dat/Reg_B/mem_reg_i_319/O
                         net (fo=1, routed)           0.438     8.170    cpu/dat/Reg_B/mem_reg_i_319_n_0
    SLICE_X42Y26         LUT6 (Prop_lut6_I1_O)        0.124     8.294 r  cpu/dat/Reg_B/mem_reg_i_313/O
                         net (fo=2, routed)           0.424     8.718    cpu/dat/Reg_B/mem_reg_i_313_n_0
    SLICE_X41Y27         LUT6 (Prop_lut6_I5_O)        0.124     8.842 f  cpu/dat/Reg_B/mem_reg_i_311/O
                         net (fo=1, routed)           0.585     9.427    cpu/dat/Reg_B/mem_reg_i_311_n_0
    SLICE_X39Y27         LUT6 (Prop_lut6_I1_O)        0.124     9.551 r  cpu/dat/Reg_B/mem_reg_i_300/O
                         net (fo=2, routed)           0.817    10.368    cpu/dat/IR/mem_reg_i_295_2
    SLICE_X39Y29         LUT6 (Prop_lut6_I5_O)        0.124    10.492 f  cpu/dat/IR/mem_reg_i_307/O
                         net (fo=1, routed)           0.518    11.010    cpu/control_unit/mem_reg_i_278
    SLICE_X38Y29         LUT6 (Prop_lut6_I1_O)        0.124    11.134 r  cpu/control_unit/mem_reg_i_295/O
                         net (fo=2, routed)           0.804    11.939    cpu/dat/IR/mem_reg_i_212_2
    SLICE_X38Y31         LUT6 (Prop_lut6_I5_O)        0.124    12.063 f  cpu/dat/IR/mem_reg_i_278/O
                         net (fo=1, routed)           0.303    12.366    cpu/dat/IR/mem_reg_i_278_n_0
    SLICE_X38Y32         LUT6 (Prop_lut6_I1_O)        0.124    12.490 r  cpu/dat/IR/mem_reg_i_212/O
                         net (fo=3, routed)           0.628    13.117    cpu/dat/IR/Q_reg[23]_1
    SLICE_X40Y33         LUT6 (Prop_lut6_I0_O)        0.124    13.241 r  cpu/dat/IR/mem_reg_i_205/O
                         net (fo=2, routed)           0.777    14.018    cpu/dat/IR/Q_reg[26]_1
    SLICE_X41Y35         LUT6 (Prop_lut6_I0_O)        0.124    14.142 r  cpu/dat/IR/mem_reg_i_196/O
                         net (fo=1, routed)           0.647    14.790    cpu/dat/IR/mem_reg_i_196_n_0
    SLICE_X41Y35         LUT6 (Prop_lut6_I0_O)        0.124    14.914 r  cpu/dat/IR/mem_reg_i_101/O
                         net (fo=1, routed)           0.000    14.914    cpu/dat/IR/mem_reg_i_101_n_0
    SLICE_X41Y35         MUXF7 (Prop_muxf7_I1_O)      0.217    15.131 r  cpu/dat/IR/mem_reg_i_50/O
                         net (fo=4, routed)           0.987    16.118    cpu/dat/Data_Mem0/Q_reg[30]
    SLICE_X49Y31         LUT5 (Prop_lut5_I2_O)        0.299    16.417 r  cpu/dat/Data_Mem0/mem_reg_i_18/O
                         net (fo=2, routed)           0.835    17.252    cpu/dat/IR/cpu_to_mem[21]
    SLICE_X45Y34         FDRE                                         r  cpu/dat/IR/Q_reg[30]/D
  -------------------------------------------------------------------    -------------------

Slack:                    inf
  Source:                 cpu/control_unit/im_mux1_reg/G
                            (positive level-sensitive latch)
  Destination:            cpu/dat/IR/Q_reg[27]/D
  Path Group:             (none)
  Path Type:              Max at Slow Process Corner
  Data Path Delay:        17.189ns  (logic 2.745ns (15.969%)  route 14.444ns (84.031%))
  Logic Levels:           15  (LDCE=1 LUT2=1 LUT5=1 LUT6=12)

    Location             Delay type                Incr(ns)  Path(ns)    Netlist Resource(s)
  -------------------------------------------------------------------    -------------------
    SLICE_X43Y34         LDCE                         0.000     0.000 r  cpu/control_unit/im_mux1_reg/G
    SLICE_X43Y34         LDCE (EnToQ_ldce_G_Q)        0.783     0.783 r  cpu/control_unit/im_mux1_reg/Q
                         net (fo=136, routed)         3.552     4.335    cpu/dat/Reg_A/dp_mux1
    SLICE_X50Y26         LUT2 (Prop_lut2_I1_O)        0.146     4.481 f  cpu/dat/Reg_A/mem_reg_i_95/O
                         net (fo=4, routed)           0.630     5.110    cpu/dat/Reg_B/mem_reg_i_91_0
    SLICE_X50Y27         LUT6 (Prop_lut6_I3_O)        0.328     5.438 f  cpu/dat/Reg_B/mem_reg_i_264/O
                         net (fo=1, routed)           0.536     5.974    cpu/dat/Reg_B/mem_reg_i_264_n_0
    SLICE_X48Y26         LUT6 (Prop_lut6_I1_O)        0.124     6.098 r  cpu/dat/Reg_B/mem_reg_i_170/O
                         net (fo=3, routed)           0.899     6.997    cpu/dat/Reg_B/mem_reg_i_170_n_0
    SLICE_X46Y26         LUT6 (Prop_lut6_I5_O)        0.124     7.121 f  cpu/dat/Reg_B/mem_reg_i_287/O
                         net (fo=1, routed)           0.669     7.790    cpu/dat/Reg_B/mem_reg_i_287_n_0
    SLICE_X42Y26         LUT6 (Prop_lut6_I1_O)        0.124     7.914 r  cpu/dat/Reg_B/mem_reg_i_251/O
                         net (fo=2, routed)           0.818     8.732    cpu/dat/Reg_B/mem_reg_i_251_n_0
    SLICE_X41Y27         LUT6 (Prop_lut6_I5_O)        0.124     8.856 f  cpu/dat/Reg_B/mem_reg_i_302/O
                         net (fo=1, routed)           0.414     9.270    cpu/dat/Reg_B/mem_reg_i_302_n_0
    SLICE_X39Y27         LUT6 (Prop_lut6_I1_O)        0.124     9.394 r  cpu/dat/Reg_B/mem_reg_i_283/O
                         net (fo=2, routed)           1.144    10.538    cpu/control_unit/mem_reg_i_281_2
    SLICE_X38Y29         LUT6 (Prop_lut6_I5_O)        0.124    10.662 r  cpu/control_unit/mem_reg_i_297/O
                         net (fo=1, routed)           0.165    10.827    cpu/control_unit/mem_reg_i_297_n_0
    SLICE_X38Y29         LUT6 (Prop_lut6_I0_O)        0.124    10.951 r  cpu/control_unit/mem_reg_i_281/O
                         net (fo=2, routed)           0.812    11.763    cpu/control_unit/Q_reg[18]_0
    SLICE_X38Y30         LUT6 (Prop_lut6_I5_O)        0.124    11.887 f  cpu/control_unit/mem_reg_i_280/O
                         net (fo=1, routed)           0.872    12.759    cpu/control_unit/mem_reg_i_280_n_0
    SLICE_X38Y32         LUT6 (Prop_lut6_I1_O)        0.124    12.883 r  cpu/control_unit/mem_reg_i_213/O
                         net (fo=2, routed)           0.671    13.554    cpu/control_unit/Q_reg[23]_0
    SLICE_X38Y33         LUT6 (Prop_lut6_I3_O)        0.124    13.678 r  cpu/control_unit/mem_reg_i_112/O
                         net (fo=1, routed)           0.960    14.638    cpu/control_unit/mem_reg_i_112_n_0
    SLICE_X40Y35         LUT6 (Prop_lut6_I5_O)        0.124    14.762 f  cpu/control_unit/mem_reg_i_53/O
                         net (fo=4, routed)           1.680    16.442    cpu/control_unit/mem_reg_i_53_n_0
    SLICE_X48Y31         LUT5 (Prop_lut5_I3_O)        0.124    16.566 r  cpu/control_unit/mem_reg_i_21/O
                         net (fo=2, routed)           0.623    17.189    cpu/dat/IR/Q_reg[31]_5[3]
    SLICE_X45Y34         FDRE                                         r  cpu/dat/IR/Q_reg[27]/D
  -------------------------------------------------------------------    -------------------

Slack:                    inf
  Source:                 cpu/control_unit/im_mux1_reg/G
                            (positive level-sensitive latch)
  Destination:            cpu/dat/IR/Q_reg[29]/D
  Path Group:             (none)
  Path Type:              Max at Slow Process Corner
  Data Path Delay:        16.923ns  (logic 2.869ns (16.953%)  route 14.054ns (83.047%))
  Logic Levels:           16  (LDCE=1 LUT2=1 LUT5=1 LUT6=13)

    Location             Delay type                Incr(ns)  Path(ns)    Netlist Resource(s)
  -------------------------------------------------------------------    -------------------
    SLICE_X43Y34         LDCE                         0.000     0.000 r  cpu/control_unit/im_mux1_reg/G
    SLICE_X43Y34         LDCE (EnToQ_ldce_G_Q)        0.783     0.783 r  cpu/control_unit/im_mux1_reg/Q
                         net (fo=136, routed)         3.552     4.335    cpu/dat/Reg_A/dp_mux1
    SLICE_X50Y26         LUT2 (Prop_lut2_I1_O)        0.146     4.481 f  cpu/dat/Reg_A/mem_reg_i_95/O
                         net (fo=4, routed)           0.630     5.110    cpu/dat/Reg_B/mem_reg_i_91_0
    SLICE_X50Y27         LUT6 (Prop_lut6_I3_O)        0.328     5.438 f  cpu/dat/Reg_B/mem_reg_i_264/O
                         net (fo=1, routed)           0.536     5.974    cpu/dat/Reg_B/mem_reg_i_264_n_0
    SLICE_X48Y26         LUT6 (Prop_lut6_I1_O)        0.124     6.098 r  cpu/dat/Reg_B/mem_reg_i_170/O
                         net (fo=3, routed)           0.899     6.997    cpu/dat/Reg_B/mem_reg_i_170_n_0
    SLICE_X46Y26         LUT6 (Prop_lut6_I5_O)        0.124     7.121 f  cpu/dat/Reg_B/mem_reg_i_287/O
                         net (fo=1, routed)           0.669     7.790    cpu/dat/Reg_B/mem_reg_i_287_n_0
    SLICE_X42Y26         LUT6 (Prop_lut6_I1_O)        0.124     7.914 r  cpu/dat/Reg_B/mem_reg_i_251/O
                         net (fo=2, routed)           0.818     8.732    cpu/dat/Reg_B/mem_reg_i_251_n_0
    SLICE_X41Y27         LUT6 (Prop_lut6_I5_O)        0.124     8.856 f  cpu/dat/Reg_B/mem_reg_i_302/O
                         net (fo=1, routed)           0.414     9.270    cpu/dat/Reg_B/mem_reg_i_302_n_0
    SLICE_X39Y27         LUT6 (Prop_lut6_I1_O)        0.124     9.394 r  cpu/dat/Reg_B/mem_reg_i_283/O
                         net (fo=2, routed)           1.144    10.538    cpu/control_unit/mem_reg_i_281_2
    SLICE_X38Y29         LUT6 (Prop_lut6_I5_O)        0.124    10.662 r  cpu/control_unit/mem_reg_i_297/O
                         net (fo=1, routed)           0.165    10.827    cpu/control_unit/mem_reg_i_297_n_0
    SLICE_X38Y29         LUT6 (Prop_lut6_I0_O)        0.124    10.951 r  cpu/control_unit/mem_reg_i_281/O
                         net (fo=2, routed)           0.812    11.763    cpu/control_unit/Q_reg[18]_0
    SLICE_X38Y30         LUT6 (Prop_lut6_I5_O)        0.124    11.887 f  cpu/control_unit/mem_reg_i_280/O
                         net (fo=1, routed)           0.872    12.759    cpu/control_unit/mem_reg_i_280_n_0
    SLICE_X38Y32         LUT6 (Prop_lut6_I1_O)        0.124    12.883 r  cpu/control_unit/mem_reg_i_213/O
                         net (fo=2, routed)           0.413    13.296    cpu/dat/IR/mem_reg_i_102
    SLICE_X39Y33         LUT6 (Prop_lut6_I0_O)        0.124    13.420 r  cpu/dat/IR/mem_reg_i_202/O
                         net (fo=4, routed)           0.597    14.016    cpu/control_unit/mem_reg_i_51_2
    SLICE_X40Y33         LUT6 (Prop_lut6_I3_O)        0.124    14.140 r  cpu/control_unit/mem_reg_i_102/O
                         net (fo=1, routed)           0.635    14.775    cpu/control_unit/mem_reg_i_102_n_0
    SLICE_X41Y33         LUT6 (Prop_lut6_I0_O)        0.124    14.899 r  cpu/control_unit/mem_reg_i_51/O
                         net (fo=4, routed)           1.194    16.093    cpu/control_unit/mem_reg_i_51_n_0
    SLICE_X48Y33         LUT5 (Prop_lut5_I2_O)        0.124    16.217 r  cpu/control_unit/mem_reg_i_19/O
                         net (fo=2, routed)           0.706    16.923    cpu/dat/IR/Q_reg[31]_5[5]
    SLICE_X45Y34         FDRE                                         r  cpu/dat/IR/Q_reg[29]/D
  -------------------------------------------------------------------    -------------------

Slack:                    inf
  Source:                 cpu/control_unit/im_mux1_reg/G
                            (positive level-sensitive latch)
  Destination:            cpu/dat/IR/Q_reg[25]/D
  Path Group:             (none)
  Path Type:              Max at Slow Process Corner
  Data Path Delay:        16.884ns  (logic 2.745ns (16.258%)  route 14.139ns (83.742%))
  Logic Levels:           15  (LDCE=1 LUT2=1 LUT5=2 LUT6=11)

    Location             Delay type                Incr(ns)  Path(ns)    Netlist Resource(s)
  -------------------------------------------------------------------    -------------------
    SLICE_X43Y34         LDCE                         0.000     0.000 r  cpu/control_unit/im_mux1_reg/G
    SLICE_X43Y34         LDCE (EnToQ_ldce_G_Q)        0.783     0.783 r  cpu/control_unit/im_mux1_reg/Q
                         net (fo=136, routed)         3.552     4.335    cpu/dat/Reg_A/dp_mux1
    SLICE_X50Y26         LUT2 (Prop_lut2_I1_O)        0.146     4.481 f  cpu/dat/Reg_A/mem_reg_i_95/O
                         net (fo=4, routed)           0.630     5.110    cpu/dat/Reg_B/mem_reg_i_91_0
    SLICE_X50Y27         LUT6 (Prop_lut6_I3_O)        0.328     5.438 f  cpu/dat/Reg_B/mem_reg_i_264/O
                         net (fo=1, routed)           0.536     5.974    cpu/dat/Reg_B/mem_reg_i_264_n_0
    SLICE_X48Y26         LUT6 (Prop_lut6_I1_O)        0.124     6.098 r  cpu/dat/Reg_B/mem_reg_i_170/O
                         net (fo=3, routed)           0.899     6.997    cpu/dat/Reg_B/mem_reg_i_170_n_0
    SLICE_X46Y26         LUT6 (Prop_lut6_I5_O)        0.124     7.121 f  cpu/dat/Reg_B/mem_reg_i_287/O
                         net (fo=1, routed)           0.669     7.790    cpu/dat/Reg_B/mem_reg_i_287_n_0
    SLICE_X42Y26         LUT6 (Prop_lut6_I1_O)        0.124     7.914 r  cpu/dat/Reg_B/mem_reg_i_251/O
                         net (fo=2, routed)           0.818     8.732    cpu/dat/Reg_B/mem_reg_i_251_n_0
    SLICE_X41Y27         LUT6 (Prop_lut6_I5_O)        0.124     8.856 f  cpu/dat/Reg_B/mem_reg_i_302/O
                         net (fo=1, routed)           0.414     9.270    cpu/dat/Reg_B/mem_reg_i_302_n_0
    SLICE_X39Y27         LUT6 (Prop_lut6_I1_O)        0.124     9.394 r  cpu/dat/Reg_B/mem_reg_i_283/O
                         net (fo=2, routed)           1.144    10.538    cpu/control_unit/mem_reg_i_281_2
    SLICE_X38Y29         LUT6 (Prop_lut6_I5_O)        0.124    10.662 r  cpu/control_unit/mem_reg_i_297/O
                         net (fo=1, routed)           0.165    10.827    cpu/control_unit/mem_reg_i_297_n_0
    SLICE_X38Y29         LUT6 (Prop_lut6_I0_O)        0.124    10.951 r  cpu/control_unit/mem_reg_i_281/O
                         net (fo=2, routed)           1.028    11.979    cpu/dat/Reg_B/mem_reg_i_120_0
    SLICE_X37Y30         LUT6 (Prop_lut6_I0_O)        0.124    12.103 r  cpu/dat/Reg_B/mem_reg_i_224/O
                         net (fo=2, routed)           0.806    12.910    cpu/dat/Reg_B/mem_reg_i_224_n_0
    SLICE_X37Y31         LUT6 (Prop_lut6_I0_O)        0.124    13.034 r  cpu/dat/Reg_B/mem_reg_i_221/O
                         net (fo=2, routed)           0.638    13.671    cpu/control_unit/Q_i_3_0
    SLICE_X39Y32         LUT6 (Prop_lut6_I0_O)        0.124    13.795 r  cpu/control_unit/mem_reg_i_117/O
                         net (fo=2, routed)           0.845    14.640    cpu/control_unit/mem_reg_i_117_n_0
    SLICE_X40Y32         LUT5 (Prop_lut5_I4_O)        0.124    14.764 f  cpu/control_unit/mem_reg_i_55/O
                         net (fo=3, routed)           1.468    16.232    cpu/control_unit/mem_reg_i_55_n_0
    SLICE_X49Y34         LUT5 (Prop_lut5_I4_O)        0.124    16.356 r  cpu/control_unit/mem_reg_i_23/O
                         net (fo=2, routed)           0.527    16.884    cpu/dat/IR/Q_reg[31]_5[2]
    SLICE_X45Y34         FDRE                                         r  cpu/dat/IR/Q_reg[25]/D
  -------------------------------------------------------------------    -------------------

Slack:                    inf
  Source:                 cpu/control_unit/im_mux1_reg/G
                            (positive level-sensitive latch)
  Destination:            cpu/dat/Reg_B/Q_reg[30]/D
  Path Group:             (none)
  Path Type:              Max at Slow Process Corner
  Data Path Delay:        16.718ns  (logic 3.261ns (19.506%)  route 13.457ns (80.494%))
  Logic Levels:           17  (LDCE=1 LUT2=1 LUT6=14 MUXF7=1)

    Location             Delay type                Incr(ns)  Path(ns)    Netlist Resource(s)
  -------------------------------------------------------------------    -------------------
    SLICE_X43Y34         LDCE                         0.000     0.000 r  cpu/control_unit/im_mux1_reg/G
    SLICE_X43Y34         LDCE (EnToQ_ldce_G_Q)        0.783     0.783 r  cpu/control_unit/im_mux1_reg/Q
                         net (fo=136, routed)         3.552     4.335    cpu/dat/Reg_A/dp_mux1
    SLICE_X50Y26         LUT2 (Prop_lut2_I1_O)        0.146     4.481 f  cpu/dat/Reg_A/mem_reg_i_95/O
                         net (fo=4, routed)           0.981     5.462    cpu/dat/Reg_B/mem_reg_i_91_0
    SLICE_X48Y27         LUT6 (Prop_lut6_I4_O)        0.328     5.790 f  cpu/dat/Reg_B/mem_reg_i_315/O
                         net (fo=1, routed)           0.862     6.652    cpu/dat/Reg_B/mem_reg_i_315_n_0
    SLICE_X48Y26         LUT6 (Prop_lut6_I1_O)        0.124     6.776 r  cpu/dat/Reg_B/mem_reg_i_305/O
                         net (fo=2, routed)           0.831     7.607    cpu/dat/Reg_B/mem_reg_i_305_n_0
    SLICE_X47Y26         LUT6 (Prop_lut6_I5_O)        0.124     7.731 f  cpu/dat/Reg_B/mem_reg_i_319/O
                         net (fo=1, routed)           0.438     8.170    cpu/dat/Reg_B/mem_reg_i_319_n_0
    SLICE_X42Y26         LUT6 (Prop_lut6_I1_O)        0.124     8.294 r  cpu/dat/Reg_B/mem_reg_i_313/O
                         net (fo=2, routed)           0.424     8.718    cpu/dat/Reg_B/mem_reg_i_313_n_0
    SLICE_X41Y27         LUT6 (Prop_lut6_I5_O)        0.124     8.842 f  cpu/dat/Reg_B/mem_reg_i_311/O
                         net (fo=1, routed)           0.585     9.427    cpu/dat/Reg_B/mem_reg_i_311_n_0
    SLICE_X39Y27         LUT6 (Prop_lut6_I1_O)        0.124     9.551 r  cpu/dat/Reg_B/mem_reg_i_300/O
                         net (fo=2, routed)           0.817    10.368    cpu/dat/IR/mem_reg_i_295_2
    SLICE_X39Y29         LUT6 (Prop_lut6_I5_O)        0.124    10.492 f  cpu/dat/IR/mem_reg_i_307/O
                         net (fo=1, routed)           0.518    11.010    cpu/control_unit/mem_reg_i_278
    SLICE_X38Y29         LUT6 (Prop_lut6_I1_O)        0.124    11.134 r  cpu/control_unit/mem_reg_i_295/O
                         net (fo=2, routed)           0.804    11.939    cpu/dat/IR/mem_reg_i_212_2
    SLICE_X38Y31         LUT6 (Prop_lut6_I5_O)        0.124    12.063 f  cpu/dat/IR/mem_reg_i_278/O
                         net (fo=1, routed)           0.303    12.366    cpu/dat/IR/mem_reg_i_278_n_0
    SLICE_X38Y32         LUT6 (Prop_lut6_I1_O)        0.124    12.490 r  cpu/dat/IR/mem_reg_i_212/O
                         net (fo=3, routed)           0.628    13.117    cpu/dat/IR/Q_reg[23]_1
    SLICE_X40Y33         LUT6 (Prop_lut6_I0_O)        0.124    13.241 r  cpu/dat/IR/mem_reg_i_205/O
                         net (fo=2, routed)           0.777    14.018    cpu/dat/IR/Q_reg[26]_1
    SLICE_X41Y35         LUT6 (Prop_lut6_I0_O)        0.124    14.142 r  cpu/dat/IR/mem_reg_i_196/O
                         net (fo=1, routed)           0.647    14.790    cpu/dat/IR/mem_reg_i_196_n_0
    SLICE_X41Y35         LUT6 (Prop_lut6_I0_O)        0.124    14.914 r  cpu/dat/IR/mem_reg_i_101/O
                         net (fo=1, routed)           0.000    14.914    cpu/dat/IR/mem_reg_i_101_n_0
    SLICE_X41Y35         MUXF7 (Prop_muxf7_I1_O)      0.217    15.131 r  cpu/dat/IR/mem_reg_i_50/O
                         net (fo=4, routed)           1.288    16.419    cpu/control_unit/Q_reg_2
    SLICE_X46Y33         LUT6 (Prop_lut6_I2_O)        0.299    16.718 r  cpu/control_unit/Q[30]_i_1/O
                         net (fo=1, routed)           0.000    16.718    cpu/dat/Reg_B/D[30]
    SLICE_X46Y33         FDCE                                         r  cpu/dat/Reg_B/Q_reg[30]/D
  -------------------------------------------------------------------    -------------------





Min Delay Paths
--------------------------------------------------------------------------------------
Slack:                    inf
  Source:                 cpu/control_unit/FSM_onehot_present_state_reg[0]/C
                            (rising edge-triggered cell FDPE)
  Destination:            cpu/control_unit/FSM_onehot_present_state_reg[1]/D
  Path Group:             (none)
  Path Type:              Min at Fast Process Corner
  Data Path Delay:        0.315ns  (logic 0.164ns (52.145%)  route 0.151ns (47.855%))
  Logic Levels:           1  (FDPE=1)

    Location             Delay type                Incr(ns)  Path(ns)    Netlist Resource(s)
  -------------------------------------------------------------------    -------------------
    SLICE_X38Y34         FDPE                         0.000     0.000 r  cpu/control_unit/FSM_onehot_present_state_reg[0]/C
    SLICE_X38Y34         FDPE (Prop_fdpe_C_Q)         0.164     0.164 r  cpu/control_unit/FSM_onehot_present_state_reg[0]/Q
                         net (fo=7, routed)           0.151     0.315    cpu/control_unit/FSM_onehot_present_state_reg[0]_0
    SLICE_X38Y34         FDCE                                         r  cpu/control_unit/FSM_onehot_present_state_reg[1]/D
  -------------------------------------------------------------------    -------------------

Slack:                    inf
  Source:                 cpu/control_unit/FSM_onehot_present_state_reg[1]/C
                            (rising edge-triggered cell FDCE)
  Destination:            cpu/control_unit/FSM_onehot_present_state_reg[2]_lopt_replica/D
  Path Group:             (none)
  Path Type:              Min at Fast Process Corner
  Data Path Delay:        0.317ns  (logic 0.164ns (51.669%)  route 0.153ns (48.331%))
  Logic Levels:           1  (FDCE=1)

    Location             Delay type                Incr(ns)  Path(ns)    Netlist Resource(s)
  -------------------------------------------------------------------    -------------------
    SLICE_X38Y34         FDCE                         0.000     0.000 r  cpu/control_unit/FSM_onehot_present_state_reg[1]/C
    SLICE_X38Y34         FDCE (Prop_fdce_C_Q)         0.164     0.164 r  cpu/control_unit/FSM_onehot_present_state_reg[1]/Q
                         net (fo=13, routed)          0.153     0.317    cpu/control_unit/FSM_onehot_present_state_reg[1]_0
    SLICE_X36Y34         FDCE                                         r  cpu/control_unit/FSM_onehot_present_state_reg[2]_lopt_replica/D
  -------------------------------------------------------------------    -------------------

Slack:                    inf
  Source:                 cpu/control_unit/FSM_onehot_present_state_reg[0]/C
                            (rising edge-triggered cell FDPE)
  Destination:            cpu/control_unit/ld_ir_reg/D
  Path Group:             (none)
  Path Type:              Min at Fast Process Corner
  Data Path Delay:        0.356ns  (logic 0.164ns (46.033%)  route 0.192ns (53.967%))
  Logic Levels:           1  (FDPE=1)

    Location             Delay type                Incr(ns)  Path(ns)    Netlist Resource(s)
  -------------------------------------------------------------------    -------------------
    SLICE_X38Y34         FDPE                         0.000     0.000 r  cpu/control_unit/FSM_onehot_present_state_reg[0]/C
    SLICE_X38Y34         FDPE (Prop_fdpe_C_Q)         0.164     0.164 r  cpu/control_unit/FSM_onehot_present_state_reg[0]/Q
                         net (fo=7, routed)           0.192     0.356    cpu/control_unit/FSM_onehot_present_state_reg[0]_0
    SLICE_X42Y34         LDCE                                         r  cpu/control_unit/ld_ir_reg/D
  -------------------------------------------------------------------    -------------------

Slack:                    inf
  Source:                 cpu/dat/IR/Q_reg[24]/C
                            (rising edge-triggered cell FDRE)
  Destination:            cpu/control_unit/data_mux_reg[1]/D
  Path Group:             (none)
  Path Type:              Min at Fast Process Corner
  Data Path Delay:        0.359ns  (logic 0.186ns (51.760%)  route 0.173ns (48.240%))
  Logic Levels:           2  (FDRE=1 LUT6=1)

    Location             Delay type                Incr(ns)  Path(ns)    Netlist Resource(s)
  -------------------------------------------------------------------    -------------------
    SLICE_X45Y34         FDRE                         0.000     0.000 r  cpu/dat/IR/Q_reg[24]/C
    SLICE_X45Y34         FDRE (Prop_fdre_C_Q)         0.141     0.141 r  cpu/dat/IR/Q_reg[24]/Q
                         net (fo=13, routed)          0.173     0.314    cpu/dat/IR/out_ir[24]
    SLICE_X44Y34         LUT6 (Prop_lut6_I0_O)        0.045     0.359 r  cpu/dat/IR/data_mux_reg[1]_i_1/O
                         net (fo=1, routed)           0.000     0.359    cpu/control_unit/Q_reg[31]_5[1]
    SLICE_X44Y34         LDCE                                         r  cpu/control_unit/data_mux_reg[1]/D
  -------------------------------------------------------------------    -------------------

Slack:                    inf
  Source:                 cpu/control_unit/data_mux_reg[1]/G
                            (positive level-sensitive latch)
  Destination:            cpu/dat/Reg_B/Q_reg[30]/D
  Path Group:             (none)
  Path Type:              Min at Fast Process Corner
  Data Path Delay:        0.361ns  (logic 0.203ns (56.185%)  route 0.158ns (43.815%))
  Logic Levels:           2  (LDCE=1 LUT6=1)

    Location             Delay type                Incr(ns)  Path(ns)    Netlist Resource(s)
  -------------------------------------------------------------------    -------------------
    SLICE_X44Y34         LDCE                         0.000     0.000 r  cpu/control_unit/data_mux_reg[1]/G
    SLICE_X44Y34         LDCE (EnToQ_ldce_G_Q)        0.158     0.158 r  cpu/control_unit/data_mux_reg[1]/Q
                         net (fo=64, routed)          0.158     0.316    cpu/control_unit/Q[1]
    SLICE_X46Y33         LUT6 (Prop_lut6_I1_O)        0.045     0.361 r  cpu/control_unit/Q[30]_i_1/O
                         net (fo=1, routed)           0.000     0.361    cpu/dat/Reg_B/D[30]
    SLICE_X46Y33         FDCE                                         r  cpu/dat/Reg_B/Q_reg[30]/D
  -------------------------------------------------------------------    -------------------

Slack:                    inf
  Source:                 cpu/reset/settle_count_reg[1]/C
                            (rising edge-triggered cell FDRE)
  Destination:            cpu/reset/settle_count_reg[0]/D
  Path Group:             (none)
  Path Type:              Min at Fast Process Corner
  Data Path Delay:        0.362ns  (logic 0.226ns (62.470%)  route 0.136ns (37.530%))
  Logic Levels:           2  (FDRE=1 LUT2=1)

    Location             Delay type                Incr(ns)  Path(ns)    Netlist Resource(s)
  -------------------------------------------------------------------    -------------------
    SLICE_X36Y36         FDRE                         0.000     0.000 r  cpu/reset/settle_count_reg[1]/C
    SLICE_X36Y36         FDRE (Prop_fdre_C_Q)         0.128     0.128 r  cpu/reset/settle_count_reg[1]/Q
                         net (fo=4, routed)           0.136     0.264    cpu/reset/settle_count[1]
    SLICE_X36Y36         LUT2 (Prop_lut2_I0_O)        0.098     0.362 r  cpu/reset/settle_count[0]_i_1/O
                         net (fo=1, routed)           0.000     0.362    cpu/reset/settle_count[0]_i_1_n_0
    SLICE_X36Y36         FDRE                                         r  cpu/reset/settle_count_reg[0]/D
  -------------------------------------------------------------------    -------------------

Slack:                    inf
  Source:                 cpu/dat/IR/Q_reg[26]/C
                            (rising edge-triggered cell FDRE)
  Destination:            cpu/control_unit/clr_b_reg/D
  Path Group:             (none)
  Path Type:              Min at Fast Process Corner
  Data Path Delay:        0.366ns  (logic 0.186ns (50.881%)  route 0.180ns (49.119%))
  Logic Levels:           2  (FDRE=1 LUT5=1)

    Location             Delay type                Incr(ns)  Path(ns)    Netlist Resource(s)
  -------------------------------------------------------------------    -------------------
    SLICE_X45Y32         FDRE                         0.000     0.000 r  cpu/dat/IR/Q_reg[26]/C
    SLICE_X45Y32         FDRE (Prop_fdre_C_Q)         0.141     0.141 r  cpu/dat/IR/Q_reg[26]/Q
                         net (fo=13, routed)          0.180     0.321    cpu/dat/IR/out_ir[26]
    SLICE_X42Y33         LUT5 (Prop_lut5_I4_O)        0.045     0.366 r  cpu/dat/IR/clr_b_reg_i_1/O
                         net (fo=1, routed)           0.000     0.366    cpu/control_unit/Q_reg[0]_1
    SLICE_X42Y33         LDCE                                         r  cpu/control_unit/clr_b_reg/D
  -------------------------------------------------------------------    -------------------

Slack:                    inf
  Source:                 cpu/dat/Reg_Z/Q_reg/C
                            (rising edge-triggered cell FDCE)
  Destination:            cpu/dat/Reg_Z/Q_reg/D
  Path Group:             (none)
  Path Type:              Min at Fast Process Corner
  Data Path Delay:        0.369ns  (logic 0.186ns (50.461%)  route 0.183ns (49.539%))
  Logic Levels:           2  (FDCE=1 LUT6=1)

    Location             Delay type                Incr(ns)  Path(ns)    Netlist Resource(s)
  -------------------------------------------------------------------    -------------------
    SLICE_X43Y33         FDCE                         0.000     0.000 r  cpu/dat/Reg_Z/Q_reg/C
    SLICE_X43Y33         FDCE (Prop_fdce_C_Q)         0.141     0.141 r  cpu/dat/Reg_Z/Q_reg/Q
                         net (fo=5, routed)           0.183     0.324    cpu/control_unit/out_z
    SLICE_X43Y33         LUT6 (Prop_lut6_I5_O)        0.045     0.369 r  cpu/control_unit/Q_i_1/O
                         net (fo=1, routed)           0.000     0.369    cpu/dat/Reg_Z/Q_reg_0
    SLICE_X43Y33         FDCE                                         r  cpu/dat/Reg_Z/Q_reg/D
  -------------------------------------------------------------------    -------------------

Slack:                    inf
  Source:                 cpu/reset/Clr_PC_reg/C
                            (rising edge-triggered cell FDSE)
  Destination:            cpu/reset/Clr_PC_reg/D
  Path Group:             (none)
  Path Type:              Min at Fast Process Corner
  Data Path Delay:        0.371ns  (logic 0.186ns (50.162%)  route 0.185ns (49.838%))
  Logic Levels:           2  (FDSE=1 LUT3=1)

    Location             Delay type                Incr(ns)  Path(ns)    Netlist Resource(s)
  -------------------------------------------------------------------    -------------------
    SLICE_X36Y36         FDSE                         0.000     0.000 r  cpu/reset/Clr_PC_reg/C
    SLICE_X36Y36         FDSE (Prop_fdse_C_Q)         0.141     0.141 r  cpu/reset/Clr_PC_reg/Q
                         net (fo=33, routed)          0.185     0.326    cpu/reset/Clr_PC
    SLICE_X36Y36         LUT3 (Prop_lut3_I2_O)        0.045     0.371 r  cpu/reset/Clr_PC_i_1/O
                         net (fo=1, routed)           0.000     0.371    cpu/reset/Clr_PC_i_1_n_0
    SLICE_X36Y36         FDSE                                         r  cpu/reset/Clr_PC_reg/D
  -------------------------------------------------------------------    -------------------

Slack:                    inf
  Source:                 cpu/control_unit/data_mux_reg[1]/G
                            (positive level-sensitive latch)
  Destination:            cpu/dat/Reg_A/Q_reg[25]/D
  Path Group:             (none)
  Path Type:              Min at Fast Process Corner
  Data Path Delay:        0.372ns  (logic 0.203ns (54.548%)  route 0.169ns (45.452%))
  Logic Levels:           2  (LDCE=1 LUT6=1)

    Location             Delay type                Incr(ns)  Path(ns)    Netlist Resource(s)
  -------------------------------------------------------------------    -------------------
    SLICE_X44Y34         LDCE                         0.000     0.000 r  cpu/control_unit/data_mux_reg[1]/G
    SLICE_X44Y34         LDCE (EnToQ_ldce_G_Q)        0.158     0.158 r  cpu/control_unit/data_mux_reg[1]/Q
                         net (fo=64, routed)          0.169     0.327    cpu/control_unit/Q[1]
    SLICE_X47Y34         LUT6 (Prop_lut6_I3_O)        0.045     0.372 r  cpu/control_unit/Q[25]_i_1__0/O
                         net (fo=1, routed)           0.000     0.372    cpu/dat/Reg_A/D[25]
    SLICE_X47Y34         FDCE                                         r  cpu/dat/Reg_A/Q_reg[25]/D
  -------------------------------------------------------------------    -------------------





--------------------------------------------------------------------------------------
Path Group:  (none)
From Clock:  sys_clk_pin
  To Clock:  

Max Delay           104 Endpoints
Min Delay           104 Endpoints
--------------------------------------------------------------------------------------


Max Delay Paths
--------------------------------------------------------------------------------------
Slack:                    inf
  Source:                 disp/refresh_counter_reg[18]/C
                            (rising edge-triggered cell FDRE clocked by sys_clk_pin  {rise@0.000ns fall@5.000ns period=10.000ns})
  Destination:            SEG[6]
                            (output port)
  Path Group:             (none)
  Path Type:              Max at Slow Process Corner
  Data Path Delay:        11.424ns  (logic 4.595ns (40.228%)  route 6.828ns (59.772%))
  Logic Levels:           4  (LUT4=2 LUT6=1 OBUF=1)
  Clock Uncertainty:      0.025ns  ((TSJ^2 + TIJ^2)^1/2 + DJ) / 2 + PE
    Total System Jitter     (TSJ):    0.050ns
    Total Input Jitter      (TIJ):    0.000ns
    Discrete Jitter          (DJ):    0.000ns
    Phase Error              (PE):    0.000ns

    Location             Delay type                Incr(ns)  Path(ns)    Netlist Resource(s)
  -------------------------------------------------------------------    -------------------
                         (clock sys_clk_pin rise edge)
                                                      0.000     0.000 r  <hidden>
    W5                                                0.000     0.000 r  CLK100MHZ
                         net (fo=0)                   0.000     0.000    CLK100MHZ
    W5                   IBUF (Prop_ibuf_I_O)         1.458     1.458 r  CLK100MHZ_IBUF_inst/O
                         net (fo=1, routed)           1.967     3.425    CLK100MHZ_IBUF
    BUFGCTRL_X0Y1        BUFG (Prop_bufg_I_O)         0.096     3.521 r  CLK100MHZ_IBUF_BUFG_inst/O
                         net (fo=25, routed)          1.550     5.071    disp/CLK100MHZ_IBUF_BUFG
    SLICE_X48Y25         FDRE                                         r  disp/refresh_counter_reg[18]/C
  -------------------------------------------------------------------    -------------------
    SLICE_X48Y25         FDRE (Prop_fdre_C_Q)         0.456     5.527 f  disp/refresh_counter_reg[18]/Q
                         net (fo=21, routed)          2.495     8.023    disp/digit_sel[0]
    SLICE_X43Y27         LUT6 (Prop_lut6_I1_O)        0.124     8.147 f  disp/SEG_OBUF[6]_inst_i_16/O
                         net (fo=1, routed)           0.709     8.855    disp/SEG_OBUF[6]_inst_i_16_n_0
    SLICE_X46Y25         LUT4 (Prop_lut4_I2_O)        0.124     8.979 r  disp/SEG_OBUF[6]_inst_i_4/O
                         net (fo=7, routed)           1.045    10.025    disp/SEG_OBUF[6]_inst_i_4_n_0
    SLICE_X50Y25         LUT4 (Prop_lut4_I2_O)        0.153    10.178 r  disp/SEG_OBUF[6]_inst_i_1/O
                         net (fo=1, routed)           2.579    12.756    SEG_OBUF[6]
    U7                   OBUF (Prop_obuf_I_O)         3.738    16.495 r  SEG_OBUF[6]_inst/O
                         net (fo=0)                   0.000    16.495    SEG[6]
    U7                                                                r  SEG[6]
  -------------------------------------------------------------------    -------------------

Slack:                    inf
  Source:                 disp/refresh_counter_reg[18]/C
                            (rising edge-triggered cell FDRE clocked by sys_clk_pin  {rise@0.000ns fall@5.000ns period=10.000ns})
  Destination:            SEG[2]
                            (output port)
  Path Group:             (none)
  Path Type:              Max at Slow Process Corner
  Data Path Delay:        11.400ns  (logic 4.589ns (40.254%)  route 6.811ns (59.746%))
  Logic Levels:           4  (LUT4=2 LUT6=1 OBUF=1)
  Clock Uncertainty:      0.025ns  ((TSJ^2 + TIJ^2)^1/2 + DJ) / 2 + PE
    Total System Jitter     (TSJ):    0.050ns
    Total Input Jitter      (TIJ):    0.000ns
    Discrete Jitter          (DJ):    0.000ns
    Phase Error              (PE):    0.000ns

    Location             Delay type                Incr(ns)  Path(ns)    Netlist Resource(s)
  -------------------------------------------------------------------    -------------------
                         (clock sys_clk_pin rise edge)
                                                      0.000     0.000 r  <hidden>
    W5                                                0.000     0.000 r  CLK100MHZ
                         net (fo=0)                   0.000     0.000    CLK100MHZ
    W5                   IBUF (Prop_ibuf_I_O)         1.458     1.458 r  CLK100MHZ_IBUF_inst/O
                         net (fo=1, routed)           1.967     3.425    CLK100MHZ_IBUF
    BUFGCTRL_X0Y1        BUFG (Prop_bufg_I_O)         0.096     3.521 r  CLK100MHZ_IBUF_BUFG_inst/O
                         net (fo=25, routed)          1.550     5.071    disp/CLK100MHZ_IBUF_BUFG
    SLICE_X48Y25         FDRE                                         r  disp/refresh_counter_reg[18]/C
  -------------------------------------------------------------------    -------------------
    SLICE_X48Y25         FDRE (Prop_fdre_C_Q)         0.456     5.527 r  disp/refresh_counter_reg[18]/Q
                         net (fo=21, routed)          2.495     8.023    disp/digit_sel[0]
    SLICE_X43Y27         LUT6 (Prop_lut6_I1_O)        0.124     8.147 r  disp/SEG_OBUF[6]_inst_i_16/O
                         net (fo=1, routed)           0.709     8.855    disp/SEG_OBUF[6]_inst_i_16_n_0
    SLICE_X46Y25         LUT4 (Prop_lut4_I2_O)        0.124     8.979 f  disp/SEG_OBUF[6]_inst_i_4/O
                         net (fo=7, routed)           1.252    10.232    disp/SEG_OBUF[6]_inst_i_4_n_0
    SLICE_X50Y25         LUT4 (Prop_lut4_I2_O)        0.146    10.378 r  disp/SEG_OBUF[2]_inst_i_1/O
                         net (fo=1, routed)           2.355    12.733    SEG_OBUF[2]
    U8                   OBUF (Prop_obuf_I_O)         3.739    16.472 r  SEG_OBUF[2]_inst/O
                         net (fo=0)                   0.000    16.472    SEG[2]
    U8                                                                r  SEG[2]
  -------------------------------------------------------------------    -------------------

Slack:                    inf
  Source:                 disp/refresh_counter_reg[18]/C
                            (rising edge-triggered cell FDRE clocked by sys_clk_pin  {rise@0.000ns fall@5.000ns period=10.000ns})
  Destination:            SEG[0]
                            (output port)
  Path Group:             (none)
  Path Type:              Max at Slow Process Corner
  Data Path Delay:        11.334ns  (logic 4.591ns (40.503%)  route 6.744ns (59.497%))
  Logic Levels:           4  (LUT4=2 LUT6=1 OBUF=1)
  Clock Uncertainty:      0.025ns  ((TSJ^2 + TIJ^2)^1/2 + DJ) / 2 + PE
    Total System Jitter     (TSJ):    0.050ns
    Total Input Jitter      (TIJ):    0.000ns
    Discrete Jitter          (DJ):    0.000ns
    Phase Error              (PE):    0.000ns

    Location             Delay type                Incr(ns)  Path(ns)    Netlist Resource(s)
  -------------------------------------------------------------------    -------------------
                         (clock sys_clk_pin rise edge)
                                                      0.000     0.000 r  <hidden>
    W5                                                0.000     0.000 r  CLK100MHZ
                         net (fo=0)                   0.000     0.000    CLK100MHZ
    W5                   IBUF (Prop_ibuf_I_O)         1.458     1.458 r  CLK100MHZ_IBUF_inst/O
                         net (fo=1, routed)           1.967     3.425    CLK100MHZ_IBUF
    BUFGCTRL_X0Y1        BUFG (Prop_bufg_I_O)         0.096     3.521 r  CLK100MHZ_IBUF_BUFG_inst/O
                         net (fo=25, routed)          1.550     5.071    disp/CLK100MHZ_IBUF_BUFG
    SLICE_X48Y25         FDRE                                         r  disp/refresh_counter_reg[18]/C
  -------------------------------------------------------------------    -------------------
    SLICE_X48Y25         FDRE (Prop_fdre_C_Q)         0.456     5.527 f  disp/refresh_counter_reg[18]/Q
                         net (fo=21, routed)          2.495     8.023    disp/digit_sel[0]
    SLICE_X43Y27         LUT6 (Prop_lut6_I1_O)        0.124     8.147 f  disp/SEG_OBUF[6]_inst_i_16/O
                         net (fo=1, routed)           0.709     8.855    disp/SEG_OBUF[6]_inst_i_16_n_0
    SLICE_X46Y25         LUT4 (Prop_lut4_I2_O)        0.124     8.979 r  disp/SEG_OBUF[6]_inst_i_4/O
                         net (fo=7, routed)           1.244    10.224    disp/SEG_OBUF[6]_inst_i_4_n_0
    SLICE_X50Y25         LUT4 (Prop_lut4_I2_O)        0.152    10.376 r  disp/SEG_OBUF[0]_inst_i_1/O
                         net (fo=1, routed)           2.295    12.671    SEG_OBUF[0]
    W7                   OBUF (Prop_obuf_I_O)         3.735    16.406 r  SEG_OBUF[0]_inst/O
                         net (fo=0)                   0.000    16.406    SEG[0]
    W7                                                                r  SEG[0]
  -------------------------------------------------------------------    -------------------

Slack:                    inf
  Source:                 disp/refresh_counter_reg[18]/C
                            (rising edge-triggered cell FDRE clocked by sys_clk_pin  {rise@0.000ns fall@5.000ns period=10.000ns})
  Destination:            SEG[1]
                            (output port)
  Path Group:             (none)
  Path Type:              Max at Slow Process Corner
  Data Path Delay:        11.222ns  (logic 4.357ns (38.826%)  route 6.865ns (61.174%))
  Logic Levels:           4  (LUT4=2 LUT6=1 OBUF=1)
  Clock Uncertainty:      0.025ns  ((TSJ^2 + TIJ^2)^1/2 + DJ) / 2 + PE
    Total System Jitter     (TSJ):    0.050ns
    Total Input Jitter      (TIJ):    0.000ns
    Discrete Jitter          (DJ):    0.000ns
    Phase Error              (PE):    0.000ns

    Location             Delay type                Incr(ns)  Path(ns)    Netlist Resource(s)
  -------------------------------------------------------------------    -------------------
                         (clock sys_clk_pin rise edge)
                                                      0.000     0.000 r  <hidden>
    W5                                                0.000     0.000 r  CLK100MHZ
                         net (fo=0)                   0.000     0.000    CLK100MHZ
    W5                   IBUF (Prop_ibuf_I_O)         1.458     1.458 r  CLK100MHZ_IBUF_inst/O
                         net (fo=1, routed)           1.967     3.425    CLK100MHZ_IBUF
    BUFGCTRL_X0Y1        BUFG (Prop_bufg_I_O)         0.096     3.521 r  CLK100MHZ_IBUF_BUFG_inst/O
                         net (fo=25, routed)          1.550     5.071    disp/CLK100MHZ_IBUF_BUFG
    SLICE_X48Y25         FDRE                                         r  disp/refresh_counter_reg[18]/C
  -------------------------------------------------------------------    -------------------
    SLICE_X48Y25         FDRE (Prop_fdre_C_Q)         0.456     5.527 f  disp/refresh_counter_reg[18]/Q
                         net (fo=21, routed)          2.495     8.023    disp/digit_sel[0]
    SLICE_X43Y27         LUT6 (Prop_lut6_I1_O)        0.124     8.147 f  disp/SEG_OBUF[6]_inst_i_16/O
                         net (fo=1, routed)           0.709     8.855    disp/SEG_OBUF[6]_inst_i_16_n_0
    SLICE_X46Y25         LUT4 (Prop_lut4_I2_O)        0.124     8.979 r  disp/SEG_OBUF[6]_inst_i_4/O
                         net (fo=7, routed)           1.252    10.232    disp/SEG_OBUF[6]_inst_i_4_n_0
    SLICE_X50Y25         LUT4 (Prop_lut4_I2_O)        0.124    10.356 r  disp/SEG_OBUF[1]_inst_i_1/O
                         net (fo=1, routed)           2.409    12.764    SEG_OBUF[1]
    W6                   OBUF (Prop_obuf_I_O)         3.529    16.293 r  SEG_OBUF[1]_inst/O
                         net (fo=0)                   0.000    16.293    SEG[1]
    W6                                                                r  SEG[1]
  -------------------------------------------------------------------    -------------------

Slack:                    inf
  Source:                 disp/refresh_counter_reg[18]/C
                            (rising edge-triggered cell FDRE clocked by sys_clk_pin  {rise@0.000ns fall@5.000ns period=10.000ns})
  Destination:            SEG[3]
                            (output port)
  Path Group:             (none)
  Path Type:              Max at Slow Process Corner
  Data Path Delay:        11.140ns  (logic 4.364ns (39.172%)  route 6.776ns (60.828%))
  Logic Levels:           4  (LUT4=2 LUT6=1 OBUF=1)
  Clock Uncertainty:      0.025ns  ((TSJ^2 + TIJ^2)^1/2 + DJ) / 2 + PE
    Total System Jitter     (TSJ):    0.050ns
    Total Input Jitter      (TIJ):    0.000ns
    Discrete Jitter          (DJ):    0.000ns
    Phase Error              (PE):    0.000ns

    Location             Delay type                Incr(ns)  Path(ns)    Netlist Resource(s)
  -------------------------------------------------------------------    -------------------
                         (clock sys_clk_pin rise edge)
                                                      0.000     0.000 r  <hidden>
    W5                                                0.000     0.000 r  CLK100MHZ
                         net (fo=0)                   0.000     0.000    CLK100MHZ
    W5                   IBUF (Prop_ibuf_I_O)         1.458     1.458 r  CLK100MHZ_IBUF_inst/O
                         net (fo=1, routed)           1.967     3.425    CLK100MHZ_IBUF
    BUFGCTRL_X0Y1        BUFG (Prop_bufg_I_O)         0.096     3.521 r  CLK100MHZ_IBUF_BUFG_inst/O
                         net (fo=25, routed)          1.550     5.071    disp/CLK100MHZ_IBUF_BUFG
    SLICE_X48Y25         FDRE                                         r  disp/refresh_counter_reg[18]/C
  -------------------------------------------------------------------    -------------------
    SLICE_X48Y25         FDRE (Prop_fdre_C_Q)         0.456     5.527 f  disp/refresh_counter_reg[18]/Q
                         net (fo=21, routed)          2.495     8.023    disp/digit_sel[0]
    SLICE_X43Y27         LUT6 (Prop_lut6_I1_O)        0.124     8.147 f  disp/SEG_OBUF[6]_inst_i_16/O
                         net (fo=1, routed)           0.709     8.855    disp/SEG_OBUF[6]_inst_i_16_n_0
    SLICE_X46Y25         LUT4 (Prop_lut4_I2_O)        0.124     8.979 r  disp/SEG_OBUF[6]_inst_i_4/O
                         net (fo=7, routed)           1.244    10.224    disp/SEG_OBUF[6]_inst_i_4_n_0
    SLICE_X50Y25         LUT4 (Prop_lut4_I0_O)        0.124    10.348 r  disp/SEG_OBUF[3]_inst_i_1/O
                         net (fo=1, routed)           2.328    12.675    SEG_OBUF[3]
    V8                   OBUF (Prop_obuf_I_O)         3.536    16.211 r  SEG_OBUF[3]_inst/O
                         net (fo=0)                   0.000    16.211    SEG[3]
    V8                                                                r  SEG[3]
  -------------------------------------------------------------------    -------------------

Slack:                    inf
  Source:                 disp/refresh_counter_reg[18]/C
                            (rising edge-triggered cell FDRE clocked by sys_clk_pin  {rise@0.000ns fall@5.000ns period=10.000ns})
  Destination:            SEG[5]
                            (output port)
  Path Group:             (none)
  Path Type:              Max at Slow Process Corner
  Data Path Delay:        11.085ns  (logic 4.332ns (39.084%)  route 6.752ns (60.916%))
  Logic Levels:           4  (LUT4=2 LUT6=1 OBUF=1)
  Clock Uncertainty:      0.025ns  ((TSJ^2 + TIJ^2)^1/2 + DJ) / 2 + PE
    Total System Jitter     (TSJ):    0.050ns
    Total Input Jitter      (TIJ):    0.000ns
    Discrete Jitter          (DJ):    0.000ns
    Phase Error              (PE):    0.000ns

    Location             Delay type                Incr(ns)  Path(ns)    Netlist Resource(s)
  -------------------------------------------------------------------    -------------------
                         (clock sys_clk_pin rise edge)
                                                      0.000     0.000 r  <hidden>
    W5                                                0.000     0.000 r  CLK100MHZ
                         net (fo=0)                   0.000     0.000    CLK100MHZ
    W5                   IBUF (Prop_ibuf_I_O)         1.458     1.458 r  CLK100MHZ_IBUF_inst/O
                         net (fo=1, routed)           1.967     3.425    CLK100MHZ_IBUF
    BUFGCTRL_X0Y1        BUFG (Prop_bufg_I_O)         0.096     3.521 r  CLK100MHZ_IBUF_BUFG_inst/O
                         net (fo=25, routed)          1.550     5.071    disp/CLK100MHZ_IBUF_BUFG
    SLICE_X48Y25         FDRE                                         r  disp/refresh_counter_reg[18]/C
  -------------------------------------------------------------------    -------------------
    SLICE_X48Y25         FDRE (Prop_fdre_C_Q)         0.456     5.527 f  disp/refresh_counter_reg[18]/Q
                         net (fo=21, routed)          2.495     8.023    disp/digit_sel[0]
    SLICE_X43Y27         LUT6 (Prop_lut6_I1_O)        0.124     8.147 f  disp/SEG_OBUF[6]_inst_i_16/O
                         net (fo=1, routed)           0.709     8.855    disp/SEG_OBUF[6]_inst_i_16_n_0
    SLICE_X46Y25         LUT4 (Prop_lut4_I2_O)        0.124     8.979 r  disp/SEG_OBUF[6]_inst_i_4/O
                         net (fo=7, routed)           1.059    10.039    disp/SEG_OBUF[6]_inst_i_4_n_0
    SLICE_X50Y25         LUT4 (Prop_lut4_I0_O)        0.124    10.163 r  disp/SEG_OBUF[5]_inst_i_1/O
                         net (fo=1, routed)           2.489    12.652    SEG_OBUF[5]
    V5                   OBUF (Prop_obuf_I_O)         3.504    16.156 r  SEG_OBUF[5]_inst/O
                         net (fo=0)                   0.000    16.156    SEG[5]
    V5                                                                r  SEG[5]
  -------------------------------------------------------------------    -------------------

Slack:                    inf
  Source:                 disp/refresh_counter_reg[18]/C
                            (rising edge-triggered cell FDRE clocked by sys_clk_pin  {rise@0.000ns fall@5.000ns period=10.000ns})
  Destination:            SEG[4]
                            (output port)
  Path Group:             (none)
  Path Type:              Max at Slow Process Corner
  Data Path Delay:        10.990ns  (logic 4.348ns (39.561%)  route 6.642ns (60.439%))
  Logic Levels:           4  (LUT4=2 LUT6=1 OBUF=1)
  Clock Uncertainty:      0.025ns  ((TSJ^2 + TIJ^2)^1/2 + DJ) / 2 + PE
    Total System Jitter     (TSJ):    0.050ns
    Total Input Jitter      (TIJ):    0.000ns
    Discrete Jitter          (DJ):    0.000ns
    Phase Error              (PE):    0.000ns

    Location             Delay type                Incr(ns)  Path(ns)    Netlist Resource(s)
  -------------------------------------------------------------------    -------------------
                         (clock sys_clk_pin rise edge)
                                                      0.000     0.000 r  <hidden>
    W5                                                0.000     0.000 r  CLK100MHZ
                         net (fo=0)                   0.000     0.000    CLK100MHZ
    W5                   IBUF (Prop_ibuf_I_O)         1.458     1.458 r  CLK100MHZ_IBUF_inst/O
                         net (fo=1, routed)           1.967     3.425    CLK100MHZ_IBUF
    BUFGCTRL_X0Y1        BUFG (Prop_bufg_I_O)         0.096     3.521 r  CLK100MHZ_IBUF_BUFG_inst/O
                         net (fo=25, routed)          1.550     5.071    disp/CLK100MHZ_IBUF_BUFG
    SLICE_X48Y25         FDRE                                         r  disp/refresh_counter_reg[18]/C
  -------------------------------------------------------------------    -------------------
    SLICE_X48Y25         FDRE (Prop_fdre_C_Q)         0.456     5.527 f  disp/refresh_counter_reg[18]/Q
                         net (fo=21, routed)          2.495     8.023    disp/digit_sel[0]
    SLICE_X43Y27         LUT6 (Prop_lut6_I1_O)        0.124     8.147 f  disp/SEG_OBUF[6]_inst_i_16/O
                         net (fo=1, routed)           0.709     8.855    disp/SEG_OBUF[6]_inst_i_16_n_0
    SLICE_X46Y25         LUT4 (Prop_lut4_I2_O)        0.124     8.979 r  disp/SEG_OBUF[6]_inst_i_4/O
                         net (fo=7, routed)           1.045    10.025    disp/SEG_OBUF[6]_inst_i_4_n_0
    SLICE_X50Y25         LUT4 (Prop_lut4_I0_O)        0.124    10.149 r  disp/SEG_OBUF[4]_inst_i_1/O
                         net (fo=1, routed)           2.393    12.542    SEG_OBUF[4]
    U5                   OBUF (Prop_obuf_I_O)         3.520    16.061 r  SEG_OBUF[4]_inst/O
                         net (fo=0)                   0.000    16.061    SEG[4]
    U5                                                                r  SEG[4]
  -------------------------------------------------------------------    -------------------

Slack:                    inf
  Source:                 cpu/dat/Data_Mem0/DATAMEM_reg/CLKARDCLK
                            (falling edge-triggered cell RAMB18E1 clocked by sys_clk_pin  {rise@0.000ns fall@5.000ns period=10.000ns})
  Destination:            cpu/dat/Reg_B/Q_reg[3]/D
  Path Group:             (none)
  Path Type:              Max at Slow Process Corner
  Data Path Delay:        5.651ns  (logic 2.732ns (48.348%)  route 2.919ns (51.652%))
  Logic Levels:           2  (LUT3=1 LUT5=1)
  Clock Uncertainty:      0.025ns  ((TSJ^2 + TIJ^2)^1/2 + DJ) / 2 + PE
    Total System Jitter     (TSJ):    0.050ns
    Total Input Jitter      (TIJ):    0.000ns
    Discrete Jitter          (DJ):    0.000ns
    Phase Error              (PE):    0.000ns

    Location             Delay type                Incr(ns)  Path(ns)    Netlist Resource(s)
  -------------------------------------------------------------------    -------------------
                         (clock sys_clk_pin fall edge)
                                                      5.000     5.000 f  <hidden>
    W5                                                0.000     5.000 f  CLK100MHZ
                         net (fo=0)                   0.000     5.000    CLK100MHZ
    W5                   IBUF (Prop_ibuf_I_O)         1.458     6.458 f  CLK100MHZ_IBUF_inst/O
                         net (fo=1, routed)           1.967     8.425    CLK100MHZ_IBUF
    BUFGCTRL_X0Y1        BUFG (Prop_bufg_I_O)         0.096     8.521 f  CLK100MHZ_IBUF_BUFG_inst/O
                         net (fo=25, routed)          1.605    10.126    cpu/dat/Data_Mem0/DATAMEM_reg_0
    RAMB18_X1Y12         RAMB18E1                                     r  cpu/dat/Data_Mem0/DATAMEM_reg/CLKARDCLK  (IS_INVERTED)
  -------------------------------------------------------------------    -------------------
    RAMB18_X1Y12         RAMB18E1 (Prop_ramb18e1_CLKARDCLK_DOADO[3])
                                                      2.454    12.580 r  cpu/dat/Data_Mem0/DATAMEM_reg/DOADO[3]
                         net (fo=1, routed)           1.133    13.713    cpu/dat/Data_Mem0/DATAMEM_reg_n_12
    SLICE_X48Y33         LUT5 (Prop_lut5_I0_O)        0.124    13.837 r  cpu/dat/Data_Mem0/mem_reg_i_13/O
                         net (fo=4, routed)           1.262    15.099    cpu/dat/IR/cpu_to_mem[3]
    SLICE_X48Y29         LUT3 (Prop_lut3_I2_O)        0.154    15.253 r  cpu/dat/IR/Q[3]_i_1/O
                         net (fo=1, routed)           0.524    15.776    cpu/dat/Reg_B/D[3]
    SLICE_X49Y29         FDCE                                         r  cpu/dat/Reg_B/Q_reg[3]/D
  -------------------------------------------------------------------    -------------------

Slack:                    inf
  Source:                 cpu/dat/Data_Mem0/DATAMEM_reg/CLKARDCLK
                            (falling edge-triggered cell RAMB18E1 clocked by sys_clk_pin  {rise@0.000ns fall@5.000ns period=10.000ns})
  Destination:            cpu/dat/Reg_B/Q_reg[12]/D
  Path Group:             (none)
  Path Type:              Max at Slow Process Corner
  Data Path Delay:        5.512ns  (logic 2.730ns (49.527%)  route 2.782ns (50.473%))
  Logic Levels:           2  (LUT3=1 LUT5=1)
  Clock Uncertainty:      0.025ns  ((TSJ^2 + TIJ^2)^1/2 + DJ) / 2 + PE
    Total System Jitter     (TSJ):    0.050ns
    Total Input Jitter      (TIJ):    0.000ns
    Discrete Jitter          (DJ):    0.000ns
    Phase Error              (PE):    0.000ns

    Location             Delay type                Incr(ns)  Path(ns)    Netlist Resource(s)
  -------------------------------------------------------------------    -------------------
                         (clock sys_clk_pin fall edge)
                                                      5.000     5.000 f  <hidden>
    W5                                                0.000     5.000 f  CLK100MHZ
                         net (fo=0)                   0.000     5.000    CLK100MHZ
    W5                   IBUF (Prop_ibuf_I_O)         1.458     6.458 f  CLK100MHZ_IBUF_inst/O
                         net (fo=1, routed)           1.967     8.425    CLK100MHZ_IBUF
    BUFGCTRL_X0Y1        BUFG (Prop_bufg_I_O)         0.096     8.521 f  CLK100MHZ_IBUF_BUFG_inst/O
                         net (fo=25, routed)          1.605    10.126    cpu/dat/Data_Mem0/DATAMEM_reg_0
    RAMB18_X1Y12         RAMB18E1                                     r  cpu/dat/Data_Mem0/DATAMEM_reg/CLKARDCLK  (IS_INVERTED)
  -------------------------------------------------------------------    -------------------
    RAMB18_X1Y12         RAMB18E1 (Prop_ramb18e1_CLKARDCLK_DOADO[12])
                                                      2.454    12.580 r  cpu/dat/Data_Mem0/DATAMEM_reg/DOADO[12]
                         net (fo=1, routed)           0.844    13.424    cpu/dat/Data_Mem0/DATAMEM_reg_n_3
    SLICE_X49Y31         LUT5 (Prop_lut5_I0_O)        0.124    13.548 r  cpu/dat/Data_Mem0/mem_reg_i_4/O
                         net (fo=4, routed)           1.320    14.868    cpu/dat/IR/cpu_to_mem[12]
    SLICE_X43Y30         LUT3 (Prop_lut3_I2_O)        0.152    15.020 r  cpu/dat/IR/Q[12]_i_1/O
                         net (fo=1, routed)           0.618    15.638    cpu/dat/Reg_B/D[12]
    SLICE_X43Y29         FDCE                                         r  cpu/dat/Reg_B/Q_reg[12]/D
  -------------------------------------------------------------------    -------------------

Slack:                    inf
  Source:                 cpu/dat/Data_Mem0/DATAMEM_reg/CLKARDCLK
                            (falling edge-triggered cell RAMB18E1 clocked by sys_clk_pin  {rise@0.000ns fall@5.000ns period=10.000ns})
  Destination:            cpu/dat/Reg_B/Q_reg[10]/D
  Path Group:             (none)
  Path Type:              Max at Slow Process Corner
  Data Path Delay:        5.476ns  (logic 2.730ns (49.850%)  route 2.746ns (50.150%))
  Logic Levels:           2  (LUT3=1 LUT5=1)
  Clock Uncertainty:      0.025ns  ((TSJ^2 + TIJ^2)^1/2 + DJ) / 2 + PE
    Total System Jitter     (TSJ):    0.050ns
    Total Input Jitter      (TIJ):    0.000ns
    Discrete Jitter          (DJ):    0.000ns
    Phase Error              (PE):    0.000ns

    Location             Delay type                Incr(ns)  Path(ns)    Netlist Resource(s)
  -------------------------------------------------------------------    -------------------
                         (clock sys_clk_pin fall edge)
                                                      5.000     5.000 f  <hidden>
    W5                                                0.000     5.000 f  CLK100MHZ
                         net (fo=0)                   0.000     5.000    CLK100MHZ
    W5                   IBUF (Prop_ibuf_I_O)         1.458     6.458 f  CLK100MHZ_IBUF_inst/O
                         net (fo=1, routed)           1.967     8.425    CLK100MHZ_IBUF
    BUFGCTRL_X0Y1        BUFG (Prop_bufg_I_O)         0.096     8.521 f  CLK100MHZ_IBUF_BUFG_inst/O
                         net (fo=25, routed)          1.605    10.126    cpu/dat/Data_Mem0/DATAMEM_reg_0
    RAMB18_X1Y12         RAMB18E1                                     r  cpu/dat/Data_Mem0/DATAMEM_reg/CLKARDCLK  (IS_INVERTED)
  -------------------------------------------------------------------    -------------------
    RAMB18_X1Y12         RAMB18E1 (Prop_ramb18e1_CLKARDCLK_DOADO[10])
                                                      2.454    12.580 r  cpu/dat/Data_Mem0/DATAMEM_reg/DOADO[10]
                         net (fo=1, routed)           1.011    13.591    cpu/dat/Data_Mem0/DATAMEM_reg_n_5
    SLICE_X48Y30         LUT5 (Prop_lut5_I0_O)        0.124    13.715 r  cpu/dat/Data_Mem0/mem_reg_i_6/O
                         net (fo=4, routed)           1.120    14.834    cpu/dat/IR/cpu_to_mem[10]
    SLICE_X43Y30         LUT3 (Prop_lut3_I2_O)        0.152    14.986 r  cpu/dat/IR/Q[10]_i_1/O
                         net (fo=1, routed)           0.616    15.602    cpu/dat/Reg_B/D[10]
    SLICE_X42Y30         FDCE                                         r  cpu/dat/Reg_B/Q_reg[10]/D
  -------------------------------------------------------------------    -------------------





Min Delay Paths
--------------------------------------------------------------------------------------
Slack:                    inf
  Source:                 imem/mem_reg/CLKBWRCLK
                            (rising edge-triggered cell RAMB18E1 clocked by sys_clk_pin  {rise@0.000ns fall@5.000ns period=10.000ns})
  Destination:            cpu/dat/Reg_B/Q_reg[31]/D
  Path Group:             (none)
  Path Type:              Min at Fast Process Corner
  Data Path Delay:        0.867ns  (logic 0.630ns (72.637%)  route 0.237ns (27.363%))
  Logic Levels:           1  (LUT6=1)
  Clock Uncertainty:      0.025ns  ((TSJ^2 + TIJ^2)^1/2 + DJ) / 2 + PE
    Total System Jitter     (TSJ):    0.050ns
    Total Input Jitter      (TIJ):    0.000ns
    Discrete Jitter          (DJ):    0.000ns
    Phase Error              (PE):    0.000ns

    Location             Delay type                Incr(ns)  Path(ns)    Netlist Resource(s)
  -------------------------------------------------------------------    -------------------
                         (clock sys_clk_pin rise edge)
                                                      0.000     0.000 r  <hidden>
    W5                                                0.000     0.000 r  CLK100MHZ
                         net (fo=0)                   0.000     0.000    CLK100MHZ
    W5                   IBUF (Prop_ibuf_I_O)         0.226     0.226 r  CLK100MHZ_IBUF_inst/O
                         net (fo=1, routed)           0.631     0.858    CLK100MHZ_IBUF
    BUFGCTRL_X0Y1        BUFG (Prop_bufg_I_O)         0.026     0.884 r  CLK100MHZ_IBUF_BUFG_inst/O
                         net (fo=25, routed)          0.601     1.485    imem/CLK100MHZ_IBUF_BUFG
    RAMB18_X1Y13         RAMB18E1                                     r  imem/mem_reg/CLKBWRCLK
  -------------------------------------------------------------------    -------------------
    RAMB18_X1Y13         RAMB18E1 (Prop_ramb18e1_CLKBWRCLK_DOBDO[13])
                                                      0.585     2.070 r  imem/mem_reg/DOBDO[13]
                         net (fo=3, routed)           0.237     2.307    cpu/control_unit/mem_to_cpu[15]
    SLICE_X48Y34         LUT6 (Prop_lut6_I5_O)        0.045     2.352 r  cpu/control_unit/Q[31]_i_1__0/O
                         net (fo=1, routed)           0.000     2.352    cpu/dat/Reg_B/D[31]
    SLICE_X48Y34         FDCE                                         r  cpu/dat/Reg_B/Q_reg[31]/D
  -------------------------------------------------------------------    -------------------

Slack:                    inf
  Source:                 imem/mem_reg/CLKBWRCLK
                            (rising edge-triggered cell RAMB18E1 clocked by sys_clk_pin  {rise@0.000ns fall@5.000ns period=10.000ns})
  Destination:            cpu/dat/Reg_B/Q_reg[21]/D
  Path Group:             (none)
  Path Type:              Min at Fast Process Corner
  Data Path Delay:        0.889ns  (logic 0.630ns (70.859%)  route 0.259ns (29.141%))
  Logic Levels:           1  (LUT6=1)
  Clock Uncertainty:      0.025ns  ((TSJ^2 + TIJ^2)^1/2 + DJ) / 2 + PE
    Total System Jitter     (TSJ):    0.050ns
    Total Input Jitter      (TIJ):    0.000ns
    Discrete Jitter          (DJ):    0.000ns
    Phase Error              (PE):    0.000ns

    Location             Delay type                Incr(ns)  Path(ns)    Netlist Resource(s)
  -------------------------------------------------------------------    -------------------
                         (clock sys_clk_pin rise edge)
                                                      0.000     0.000 r  <hidden>
    W5                                                0.000     0.000 r  CLK100MHZ
                         net (fo=0)                   0.000     0.000    CLK100MHZ
    W5                   IBUF (Prop_ibuf_I_O)         0.226     0.226 r  CLK100MHZ_IBUF_inst/O
                         net (fo=1, routed)           0.631     0.858    CLK100MHZ_IBUF
    BUFGCTRL_X0Y1        BUFG (Prop_bufg_I_O)         0.026     0.884 r  CLK100MHZ_IBUF_BUFG_inst/O
                         net (fo=25, routed)          0.601     1.485    imem/CLK100MHZ_IBUF_BUFG
    RAMB18_X1Y13         RAMB18E1                                     r  imem/mem_reg/CLKBWRCLK
  -------------------------------------------------------------------    -------------------
    RAMB18_X1Y13         RAMB18E1 (Prop_ramb18e1_CLKBWRCLK_DOBDO[3])
                                                      0.585     2.070 r  imem/mem_reg/DOBDO[3]
                         net (fo=3, routed)           0.259     2.329    cpu/control_unit/mem_to_cpu[5]
    SLICE_X48Y31         LUT6 (Prop_lut6_I2_O)        0.045     2.374 r  cpu/control_unit/Q[21]_i_1/O
                         net (fo=1, routed)           0.000     2.374    cpu/dat/Reg_B/D[21]
    SLICE_X48Y31         FDCE                                         r  cpu/dat/Reg_B/Q_reg[21]/D
  -------------------------------------------------------------------    -------------------

Slack:                    inf
  Source:                 imem/mem_reg/CLKBWRCLK
                            (rising edge-triggered cell RAMB18E1 clocked by sys_clk_pin  {rise@0.000ns fall@5.000ns period=10.000ns})
  Destination:            cpu/dat/Reg_A/Q_reg[21]/D
  Path Group:             (none)
  Path Type:              Min at Fast Process Corner
  Data Path Delay:        0.891ns  (logic 0.630ns (70.725%)  route 0.261ns (29.275%))
  Logic Levels:           1  (LUT6=1)
  Clock Uncertainty:      0.025ns  ((TSJ^2 + TIJ^2)^1/2 + DJ) / 2 + PE
    Total System Jitter     (TSJ):    0.050ns
    Total Input Jitter      (TIJ):    0.000ns
    Discrete Jitter          (DJ):    0.000ns
    Phase Error              (PE):    0.000ns

    Location             Delay type                Incr(ns)  Path(ns)    Netlist Resource(s)
  -------------------------------------------------------------------    -------------------
                         (clock sys_clk_pin rise edge)
                                                      0.000     0.000 r  <hidden>
    W5                                                0.000     0.000 r  CLK100MHZ
                         net (fo=0)                   0.000     0.000    CLK100MHZ
    W5                   IBUF (Prop_ibuf_I_O)         0.226     0.226 r  CLK100MHZ_IBUF_inst/O
                         net (fo=1, routed)           0.631     0.858    CLK100MHZ_IBUF
    BUFGCTRL_X0Y1        BUFG (Prop_bufg_I_O)         0.026     0.884 r  CLK100MHZ_IBUF_BUFG_inst/O
                         net (fo=25, routed)          0.601     1.485    imem/CLK100MHZ_IBUF_BUFG
    RAMB18_X1Y13         RAMB18E1                                     r  imem/mem_reg/CLKBWRCLK
  -------------------------------------------------------------------    -------------------
    RAMB18_X1Y13         RAMB18E1 (Prop_ramb18e1_CLKBWRCLK_DOBDO[3])
                                                      0.585     2.070 r  imem/mem_reg/DOBDO[3]
                         net (fo=3, routed)           0.261     2.330    cpu/control_unit/mem_to_cpu[5]
    SLICE_X50Y31         LUT6 (Prop_lut6_I2_O)        0.045     2.375 r  cpu/control_unit/Q[21]_i_1__0/O
                         net (fo=1, routed)           0.000     2.375    cpu/dat/Reg_A/D[21]
    SLICE_X50Y31         FDCE                                         r  cpu/dat/Reg_A/Q_reg[21]/D
  -------------------------------------------------------------------    -------------------

Slack:                    inf
  Source:                 imem/mem_reg/CLKBWRCLK
                            (rising edge-triggered cell RAMB18E1 clocked by sys_clk_pin  {rise@0.000ns fall@5.000ns period=10.000ns})
  Destination:            cpu/dat/Reg_A/Q_reg[31]/D
  Path Group:             (none)
  Path Type:              Min at Fast Process Corner
  Data Path Delay:        0.897ns  (logic 0.630ns (70.241%)  route 0.267ns (29.759%))
  Logic Levels:           1  (LUT6=1)
  Clock Uncertainty:      0.025ns  ((TSJ^2 + TIJ^2)^1/2 + DJ) / 2 + PE
    Total System Jitter     (TSJ):    0.050ns
    Total Input Jitter      (TIJ):    0.000ns
    Discrete Jitter          (DJ):    0.000ns
    Phase Error              (PE):    0.000ns

    Location             Delay type                Incr(ns)  Path(ns)    Netlist Resource(s)
  -------------------------------------------------------------------    -------------------
                         (clock sys_clk_pin rise edge)
                                                      0.000     0.000 r  <hidden>
    W5                                                0.000     0.000 r  CLK100MHZ
                         net (fo=0)                   0.000     0.000    CLK100MHZ
    W5                   IBUF (Prop_ibuf_I_O)         0.226     0.226 r  CLK100MHZ_IBUF_inst/O
                         net (fo=1, routed)           0.631     0.858    CLK100MHZ_IBUF
    BUFGCTRL_X0Y1        BUFG (Prop_bufg_I_O)         0.026     0.884 r  CLK100MHZ_IBUF_BUFG_inst/O
                         net (fo=25, routed)          0.601     1.485    imem/CLK100MHZ_IBUF_BUFG
    RAMB18_X1Y13         RAMB18E1                                     r  imem/mem_reg/CLKBWRCLK
  -------------------------------------------------------------------    -------------------
    RAMB18_X1Y13         RAMB18E1 (Prop_ramb18e1_CLKBWRCLK_DOBDO[13])
                                                      0.585     2.070 r  imem/mem_reg/DOBDO[13]
                         net (fo=3, routed)           0.267     2.337    cpu/control_unit/mem_to_cpu[15]
    SLICE_X48Y35         LUT6 (Prop_lut6_I5_O)        0.045     2.382 r  cpu/control_unit/Q[31]_i_1/O
                         net (fo=1, routed)           0.000     2.382    cpu/dat/Reg_A/D[31]
    SLICE_X48Y35         FDCE                                         r  cpu/dat/Reg_A/Q_reg[31]/D
  -------------------------------------------------------------------    -------------------

Slack:                    inf
  Source:                 imem/mem_reg/CLKBWRCLK
                            (rising edge-triggered cell RAMB18E1 clocked by sys_clk_pin  {rise@0.000ns fall@5.000ns period=10.000ns})
  Destination:            cpu/dat/Reg_B/Q_reg[24]/D
  Path Group:             (none)
  Path Type:              Min at Fast Process Corner
  Data Path Delay:        0.912ns  (logic 0.630ns (69.067%)  route 0.282ns (30.933%))
  Logic Levels:           1  (LUT6=1)
  Clock Uncertainty:      0.025ns  ((TSJ^2 + TIJ^2)^1/2 + DJ) / 2 + PE
    Total System Jitter     (TSJ):    0.050ns
    Total Input Jitter      (TIJ):    0.000ns
    Discrete Jitter          (DJ):    0.000ns
    Phase Error              (PE):    0.000ns

    Location             Delay type                Incr(ns)  Path(ns)    Netlist Resource(s)
  -------------------------------------------------------------------    -------------------
                         (clock sys_clk_pin rise edge)
                                                      0.000     0.000 r  <hidden>
    W5                                                0.000     0.000 r  CLK100MHZ
                         net (fo=0)                   0.000     0.000    CLK100MHZ
    W5                   IBUF (Prop_ibuf_I_O)         0.226     0.226 r  CLK100MHZ_IBUF_inst/O
                         net (fo=1, routed)           0.631     0.858    CLK100MHZ_IBUF
    BUFGCTRL_X0Y1        BUFG (Prop_bufg_I_O)         0.026     0.884 r  CLK100MHZ_IBUF_BUFG_inst/O
                         net (fo=25, routed)          0.601     1.485    imem/CLK100MHZ_IBUF_BUFG
    RAMB18_X1Y13         RAMB18E1                                     r  imem/mem_reg/CLKBWRCLK
  -------------------------------------------------------------------    -------------------
    RAMB18_X1Y13         RAMB18E1 (Prop_ramb18e1_CLKBWRCLK_DOBDO[6])
                                                      0.585     2.070 r  imem/mem_reg/DOBDO[6]
                         net (fo=3, routed)           0.282     2.352    cpu/control_unit/mem_to_cpu[8]
    SLICE_X49Y34         LUT6 (Prop_lut6_I2_O)        0.045     2.397 r  cpu/control_unit/Q[24]_i_1/O
                         net (fo=1, routed)           0.000     2.397    cpu/dat/Reg_B/D[24]
    SLICE_X49Y34         FDCE                                         r  cpu/dat/Reg_B/Q_reg[24]/D
  -------------------------------------------------------------------    -------------------

Slack:                    inf
  Source:                 imem/mem_reg/CLKBWRCLK
                            (rising edge-triggered cell RAMB18E1 clocked by sys_clk_pin  {rise@0.000ns fall@5.000ns period=10.000ns})
  Destination:            cpu/dat/Reg_A/Q_reg[25]/D
  Path Group:             (none)
  Path Type:              Min at Fast Process Corner
  Data Path Delay:        0.913ns  (logic 0.630ns (69.022%)  route 0.283ns (30.978%))
  Logic Levels:           1  (LUT6=1)
  Clock Uncertainty:      0.025ns  ((TSJ^2 + TIJ^2)^1/2 + DJ) / 2 + PE
    Total System Jitter     (TSJ):    0.050ns
    Total Input Jitter      (TIJ):    0.000ns
    Discrete Jitter          (DJ):    0.000ns
    Phase Error              (PE):    0.000ns

    Location             Delay type                Incr(ns)  Path(ns)    Netlist Resource(s)
  -------------------------------------------------------------------    -------------------
                         (clock sys_clk_pin rise edge)
                                                      0.000     0.000 r  <hidden>
    W5                                                0.000     0.000 r  CLK100MHZ
                         net (fo=0)                   0.000     0.000    CLK100MHZ
    W5                   IBUF (Prop_ibuf_I_O)         0.226     0.226 r  CLK100MHZ_IBUF_inst/O
                         net (fo=1, routed)           0.631     0.858    CLK100MHZ_IBUF
    BUFGCTRL_X0Y1        BUFG (Prop_bufg_I_O)         0.026     0.884 r  CLK100MHZ_IBUF_BUFG_inst/O
                         net (fo=25, routed)          0.601     1.485    imem/CLK100MHZ_IBUF_BUFG
    RAMB18_X1Y13         RAMB18E1                                     r  imem/mem_reg/CLKBWRCLK
  -------------------------------------------------------------------    -------------------
    RAMB18_X1Y13         RAMB18E1 (Prop_ramb18e1_CLKBWRCLK_DOBDO[7])
                                                      0.585     2.070 r  imem/mem_reg/DOBDO[7]
                         net (fo=3, routed)           0.283     2.352    cpu/control_unit/mem_to_cpu[9]
    SLICE_X47Y34         LUT6 (Prop_lut6_I2_O)        0.045     2.397 r  cpu/control_unit/Q[25]_i_1__0/O
                         net (fo=1, routed)           0.000     2.397    cpu/dat/Reg_A/D[25]
    SLICE_X47Y34         FDCE                                         r  cpu/dat/Reg_A/Q_reg[25]/D
  -------------------------------------------------------------------    -------------------

Slack:                    inf
  Source:                 imem/mem_reg/CLKBWRCLK
                            (rising edge-triggered cell RAMB18E1 clocked by sys_clk_pin  {rise@0.000ns fall@5.000ns period=10.000ns})
  Destination:            cpu/dat/Reg_B/Q_reg[20]/D
  Path Group:             (none)
  Path Type:              Min at Fast Process Corner
  Data Path Delay:        0.914ns  (logic 0.630ns (68.936%)  route 0.284ns (31.064%))
  Logic Levels:           1  (LUT6=1)
  Clock Uncertainty:      0.025ns  ((TSJ^2 + TIJ^2)^1/2 + DJ) / 2 + PE
    Total System Jitter     (TSJ):    0.050ns
    Total Input Jitter      (TIJ):    0.000ns
    Discrete Jitter          (DJ):    0.000ns
    Phase Error              (PE):    0.000ns

    Location             Delay type                Incr(ns)  Path(ns)    Netlist Resource(s)
  -------------------------------------------------------------------    -------------------
                         (clock sys_clk_pin rise edge)
                                                      0.000     0.000 r  <hidden>
    W5                                                0.000     0.000 r  CLK100MHZ
                         net (fo=0)                   0.000     0.000    CLK100MHZ
    W5                   IBUF (Prop_ibuf_I_O)         0.226     0.226 r  CLK100MHZ_IBUF_inst/O
                         net (fo=1, routed)           0.631     0.858    CLK100MHZ_IBUF
    BUFGCTRL_X0Y1        BUFG (Prop_bufg_I_O)         0.026     0.884 r  CLK100MHZ_IBUF_BUFG_inst/O
                         net (fo=25, routed)          0.601     1.485    imem/CLK100MHZ_IBUF_BUFG
    RAMB18_X1Y13         RAMB18E1                                     r  imem/mem_reg/CLKBWRCLK
  -------------------------------------------------------------------    -------------------
    RAMB18_X1Y13         RAMB18E1 (Prop_ramb18e1_CLKBWRCLK_DOBDO[2])
                                                      0.585     2.070 r  imem/mem_reg/DOBDO[2]
                         net (fo=3, routed)           0.284     2.353    cpu/control_unit/mem_to_cpu[4]
    SLICE_X47Y33         LUT6 (Prop_lut6_I2_O)        0.045     2.398 r  cpu/control_unit/Q[20]_i_1/O
                         net (fo=1, routed)           0.000     2.398    cpu/dat/Reg_B/D[20]
    SLICE_X47Y33         FDCE                                         r  cpu/dat/Reg_B/Q_reg[20]/D
  -------------------------------------------------------------------    -------------------

Slack:                    inf
  Source:                 imem/mem_reg/CLKBWRCLK
                            (rising edge-triggered cell RAMB18E1 clocked by sys_clk_pin  {rise@0.000ns fall@5.000ns period=10.000ns})
  Destination:            cpu/dat/Reg_A/Q_reg[27]/D
  Path Group:             (none)
  Path Type:              Min at Fast Process Corner
  Data Path Delay:        0.930ns  (logic 0.630ns (67.770%)  route 0.300ns (32.230%))
  Logic Levels:           1  (LUT6=1)
  Clock Uncertainty:      0.025ns  ((TSJ^2 + TIJ^2)^1/2 + DJ) / 2 + PE
    Total System Jitter     (TSJ):    0.050ns
    Total Input Jitter      (TIJ):    0.000ns
    Discrete Jitter          (DJ):    0.000ns
    Phase Error              (PE):    0.000ns

    Location             Delay type                Incr(ns)  Path(ns)    Netlist Resource(s)
  -------------------------------------------------------------------    -------------------
                         (clock sys_clk_pin rise edge)
                                                      0.000     0.000 r  <hidden>
    W5                                                0.000     0.000 r  CLK100MHZ
                         net (fo=0)                   0.000     0.000    CLK100MHZ
    W5                   IBUF (Prop_ibuf_I_O)         0.226     0.226 r  CLK100MHZ_IBUF_inst/O
                         net (fo=1, routed)           0.631     0.858    CLK100MHZ_IBUF
    BUFGCTRL_X0Y1        BUFG (Prop_bufg_I_O)         0.026     0.884 r  CLK100MHZ_IBUF_BUFG_inst/O
                         net (fo=25, routed)          0.601     1.485    imem/CLK100MHZ_IBUF_BUFG
    RAMB18_X1Y13         RAMB18E1                                     r  imem/mem_reg/CLKBWRCLK
  -------------------------------------------------------------------    -------------------
    RAMB18_X1Y13         RAMB18E1 (Prop_ramb18e1_CLKBWRCLK_DOBDO[9])
                                                      0.585     2.070 r  imem/mem_reg/DOBDO[9]
                         net (fo=3, routed)           0.300     2.369    cpu/control_unit/mem_to_cpu[11]
    SLICE_X48Y35         LUT6 (Prop_lut6_I2_O)        0.045     2.414 r  cpu/control_unit/Q[27]_i_1/O
                         net (fo=1, routed)           0.000     2.414    cpu/dat/Reg_A/D[27]
    SLICE_X48Y35         FDCE                                         r  cpu/dat/Reg_A/Q_reg[27]/D
  -------------------------------------------------------------------    -------------------

Slack:                    inf
  Source:                 imem/mem_reg/CLKBWRCLK
                            (rising edge-triggered cell RAMB18E1 clocked by sys_clk_pin  {rise@0.000ns fall@5.000ns period=10.000ns})
  Destination:            cpu/dat/Reg_A/Q_reg[20]/D
  Path Group:             (none)
  Path Type:              Min at Fast Process Corner
  Data Path Delay:        0.934ns  (logic 0.630ns (67.425%)  route 0.304ns (32.575%))
  Logic Levels:           1  (LUT6=1)
  Clock Uncertainty:      0.025ns  ((TSJ^2 + TIJ^2)^1/2 + DJ) / 2 + PE
    Total System Jitter     (TSJ):    0.050ns
    Total Input Jitter      (TIJ):    0.000ns
    Discrete Jitter          (DJ):    0.000ns
    Phase Error              (PE):    0.000ns

    Location             Delay type                Incr(ns)  Path(ns)    Netlist Resource(s)
  -------------------------------------------------------------------    -------------------
                         (clock sys_clk_pin rise edge)
                                                      0.000     0.000 r  <hidden>
    W5                                                0.000     0.000 r  CLK100MHZ
                         net (fo=0)                   0.000     0.000    CLK100MHZ
    W5                   IBUF (Prop_ibuf_I_O)         0.226     0.226 r  CLK100MHZ_IBUF_inst/O
                         net (fo=1, routed)           0.631     0.858    CLK100MHZ_IBUF
    BUFGCTRL_X0Y1        BUFG (Prop_bufg_I_O)         0.026     0.884 r  CLK100MHZ_IBUF_BUFG_inst/O
                         net (fo=25, routed)          0.601     1.485    imem/CLK100MHZ_IBUF_BUFG
    RAMB18_X1Y13         RAMB18E1                                     r  imem/mem_reg/CLKBWRCLK
  -------------------------------------------------------------------    -------------------
    RAMB18_X1Y13         RAMB18E1 (Prop_ramb18e1_CLKBWRCLK_DOBDO[2])
                                                      0.585     2.070 r  imem/mem_reg/DOBDO[2]
                         net (fo=3, routed)           0.304     2.374    cpu/control_unit/mem_to_cpu[4]
    SLICE_X49Y33         LUT6 (Prop_lut6_I2_O)        0.045     2.419 r  cpu/control_unit/Q[20]_i_1__0/O
                         net (fo=1, routed)           0.000     2.419    cpu/dat/Reg_A/D[20]
    SLICE_X49Y33         FDCE                                         r  cpu/dat/Reg_A/Q_reg[20]/D
  -------------------------------------------------------------------    -------------------

Slack:                    inf
  Source:                 imem/mem_reg/CLKARDCLK
                            (rising edge-triggered cell RAMB18E1 clocked by sys_clk_pin  {rise@0.000ns fall@5.000ns period=10.000ns})
  Destination:            cpu/dat/IR/Q_reg[0]/D
  Path Group:             (none)
  Path Type:              Min at Fast Process Corner
  Data Path Delay:        0.955ns  (logic 0.630ns (65.953%)  route 0.325ns (34.047%))
  Logic Levels:           1  (LUT5=1)
  Clock Uncertainty:      0.025ns  ((TSJ^2 + TIJ^2)^1/2 + DJ) / 2 + PE
    Total System Jitter     (TSJ):    0.050ns
    Total Input Jitter      (TIJ):    0.000ns
    Discrete Jitter          (DJ):    0.000ns
    Phase Error              (PE):    0.000ns

    Location             Delay type                Incr(ns)  Path(ns)    Netlist Resource(s)
  -------------------------------------------------------------------    -------------------
                         (clock sys_clk_pin rise edge)
                                                      0.000     0.000 r  <hidden>
    W5                                                0.000     0.000 r  CLK100MHZ
                         net (fo=0)                   0.000     0.000    CLK100MHZ
    W5                   IBUF (Prop_ibuf_I_O)         0.226     0.226 r  CLK100MHZ_IBUF_inst/O
                         net (fo=1, routed)           0.631     0.858    CLK100MHZ_IBUF
    BUFGCTRL_X0Y1        BUFG (Prop_bufg_I_O)         0.026     0.884 r  CLK100MHZ_IBUF_BUFG_inst/O
                         net (fo=25, routed)          0.603     1.487    imem/CLK100MHZ_IBUF_BUFG
    RAMB18_X1Y13         RAMB18E1                                     r  imem/mem_reg/CLKARDCLK
  -------------------------------------------------------------------    -------------------
    RAMB18_X1Y13         RAMB18E1 (Prop_ramb18e1_CLKARDCLK_DOADO[0])
                                                      0.585     2.072 r  imem/mem_reg/DOADO[0]
                         net (fo=1, routed)           0.325     2.397    cpu/dat/Data_Mem0/mem_to_cpu[0]
    SLICE_X49Y30         LUT5 (Prop_lut5_I2_O)        0.045     2.442 r  cpu/dat/Data_Mem0/mem_reg_i_16/O
                         net (fo=4, routed)           0.000     2.442    cpu/dat/IR/cpu_to_mem[0]
    SLICE_X49Y30         FDRE                                         r  cpu/dat/IR/Q_reg[0]/D
  -------------------------------------------------------------------    -------------------





--------------------------------------------------------------------------------------
Path Group:  (none)
From Clock:  
  To Clock:  sys_clk_pin

Max Delay            99 Endpoints
Min Delay            99 Endpoints
--------------------------------------------------------------------------------------


Max Delay Paths
--------------------------------------------------------------------------------------
Slack:                    inf
  Source:                 cpu/control_unit/im_mux1_reg/G
                            (positive level-sensitive latch)
  Destination:            imem/mem_reg/DIBDI[13]
                            (rising edge-triggered cell RAMB18E1 clocked by sys_clk_pin  {rise@0.000ns fall@5.000ns period=10.000ns})
  Path Group:             (none)
  Path Type:              Setup (Max at Slow Process Corner)
  Data Path Delay:        17.623ns  (logic 3.256ns (18.476%)  route 14.367ns (81.524%))
  Logic Levels:           17  (LDCE=1 LUT2=1 LUT5=1 LUT6=13 MUXF7=1)
  Clock Uncertainty:      0.025ns  ((TSJ^2 + TIJ^2)^1/2 + DJ) / 2 + PE
    Total System Jitter     (TSJ):    0.050ns
    Total Input Jitter      (TIJ):    0.000ns
    Discrete Jitter          (DJ):    0.000ns
    Phase Error              (PE):    0.000ns

    Location             Delay type                Incr(ns)  Path(ns)    Netlist Resource(s)
  -------------------------------------------------------------------    -------------------
    SLICE_X43Y34         LDCE                         0.000     0.000 r  cpu/control_unit/im_mux1_reg/G
    SLICE_X43Y34         LDCE (EnToQ_ldce_G_Q)        0.783     0.783 r  cpu/control_unit/im_mux1_reg/Q
                         net (fo=136, routed)         3.552     4.335    cpu/dat/Reg_A/dp_mux1
    SLICE_X50Y26         LUT2 (Prop_lut2_I1_O)        0.146     4.481 f  cpu/dat/Reg_A/mem_reg_i_95/O
                         net (fo=4, routed)           0.630     5.110    cpu/dat/Reg_B/mem_reg_i_91_0
    SLICE_X50Y27         LUT6 (Prop_lut6_I3_O)        0.328     5.438 f  cpu/dat/Reg_B/mem_reg_i_264/O
                         net (fo=1, routed)           0.536     5.974    cpu/dat/Reg_B/mem_reg_i_264_n_0
    SLICE_X48Y26         LUT6 (Prop_lut6_I1_O)        0.124     6.098 r  cpu/dat/Reg_B/mem_reg_i_170/O
                         net (fo=3, routed)           0.899     6.997    cpu/dat/Reg_B/mem_reg_i_170_n_0
    SLICE_X46Y26         LUT6 (Prop_lut6_I5_O)        0.124     7.121 f  cpu/dat/Reg_B/mem_reg_i_287/O
                         net (fo=1, routed)           0.669     7.790    cpu/dat/Reg_B/mem_reg_i_287_n_0
    SLICE_X42Y26         LUT6 (Prop_lut6_I1_O)        0.124     7.914 r  cpu/dat/Reg_B/mem_reg_i_251/O
                         net (fo=2, routed)           0.818     8.732    cpu/dat/Reg_B/mem_reg_i_251_n_0
    SLICE_X41Y27         LUT6 (Prop_lut6_I5_O)        0.124     8.856 f  cpu/dat/Reg_B/mem_reg_i_302/O
                         net (fo=1, routed)           0.414     9.270    cpu/dat/Reg_B/mem_reg_i_302_n_0
    SLICE_X39Y27         LUT6 (Prop_lut6_I1_O)        0.124     9.394 r  cpu/dat/Reg_B/mem_reg_i_283/O
                         net (fo=2, routed)           1.144    10.538    cpu/control_unit/mem_reg_i_281_2
    SLICE_X38Y29         LUT6 (Prop_lut6_I5_O)        0.124    10.662 r  cpu/control_unit/mem_reg_i_297/O
                         net (fo=1, routed)           0.165    10.827    cpu/control_unit/mem_reg_i_297_n_0
    SLICE_X38Y29         LUT6 (Prop_lut6_I0_O)        0.124    10.951 r  cpu/control_unit/mem_reg_i_281/O
                         net (fo=2, routed)           0.812    11.763    cpu/control_unit/Q_reg[18]_0
    SLICE_X38Y30         LUT6 (Prop_lut6_I5_O)        0.124    11.887 f  cpu/control_unit/mem_reg_i_280/O
                         net (fo=1, routed)           0.872    12.759    cpu/control_unit/mem_reg_i_280_n_0
    SLICE_X38Y32         LUT6 (Prop_lut6_I1_O)        0.124    12.883 r  cpu/control_unit/mem_reg_i_213/O
                         net (fo=2, routed)           0.413    13.296    cpu/dat/IR/mem_reg_i_102
    SLICE_X39Y33         LUT6 (Prop_lut6_I0_O)        0.124    13.420 r  cpu/dat/IR/mem_reg_i_202/O
                         net (fo=4, routed)           0.834    14.254    cpu/control_unit/mem_reg_i_51_2
    SLICE_X40Y34         LUT6 (Prop_lut6_I5_O)        0.124    14.378 r  cpu/control_unit/mem_reg_i_189/O
                         net (fo=1, routed)           1.015    15.393    cpu/control_unit/mem_reg_i_189_n_0
    SLICE_X39Y34         LUT6 (Prop_lut6_I1_O)        0.124    15.517 r  cpu/control_unit/mem_reg_i_98/O
                         net (fo=1, routed)           0.000    15.517    cpu/control_unit/mem_reg_i_98_n_0
    SLICE_X39Y34         MUXF7 (Prop_muxf7_I0_O)      0.212    15.729 r  cpu/control_unit/mem_reg_i_49/O
                         net (fo=4, routed)           1.146    16.875    cpu/control_unit/mem_reg_i_49_n_0
    SLICE_X48Y35         LUT5 (Prop_lut5_I0_O)        0.299    17.174 r  cpu/control_unit/mem_reg_i_17/O
                         net (fo=2, routed)           0.449    17.623    imem/cpu_to_mem[31]
    RAMB18_X1Y13         RAMB18E1                                     r  imem/mem_reg/DIBDI[13]
  -------------------------------------------------------------------    -------------------

                         (clock sys_clk_pin rise edge)
                                                      0.000     0.000 r  <hidden>
    W5                                                0.000     0.000 r  CLK100MHZ
                         net (fo=0)                   0.000     0.000    CLK100MHZ
    W5                   IBUF (Prop_ibuf_I_O)         1.388     1.388 r  CLK100MHZ_IBUF_inst/O
                         net (fo=1, routed)           1.862     3.250    CLK100MHZ_IBUF
    BUFGCTRL_X0Y1        BUFG (Prop_bufg_I_O)         0.091     3.341 r  CLK100MHZ_IBUF_BUFG_inst/O
                         net (fo=25, routed)          1.484     4.825    imem/CLK100MHZ_IBUF_BUFG
    RAMB18_X1Y13         RAMB18E1                                     r  imem/mem_reg/CLKBWRCLK

Slack:                    inf
  Source:                 cpu/control_unit/im_mux1_reg/G
                            (positive level-sensitive latch)
  Destination:            imem/mem_reg/DIBDI[8]
                            (rising edge-triggered cell RAMB18E1 clocked by sys_clk_pin  {rise@0.000ns fall@5.000ns period=10.000ns})
  Path Group:             (none)
  Path Type:              Setup (Max at Slow Process Corner)
  Data Path Delay:        17.363ns  (logic 3.132ns (18.039%)  route 14.231ns (81.961%))
  Logic Levels:           16  (LDCE=1 LUT2=1 LUT5=1 LUT6=12 MUXF7=1)
  Clock Uncertainty:      0.025ns  ((TSJ^2 + TIJ^2)^1/2 + DJ) / 2 + PE
    Total System Jitter     (TSJ):    0.050ns
    Total Input Jitter      (TIJ):    0.000ns
    Discrete Jitter          (DJ):    0.000ns
    Phase Error              (PE):    0.000ns

    Location             Delay type                Incr(ns)  Path(ns)    Netlist Resource(s)
  -------------------------------------------------------------------    -------------------
    SLICE_X43Y34         LDCE                         0.000     0.000 r  cpu/control_unit/im_mux1_reg/G
    SLICE_X43Y34         LDCE (EnToQ_ldce_G_Q)        0.783     0.783 r  cpu/control_unit/im_mux1_reg/Q
                         net (fo=136, routed)         3.552     4.335    cpu/dat/Reg_A/dp_mux1
    SLICE_X50Y26         LUT2 (Prop_lut2_I1_O)        0.146     4.481 f  cpu/dat/Reg_A/mem_reg_i_95/O
                         net (fo=4, routed)           0.630     5.110    cpu/dat/Reg_B/mem_reg_i_91_0
    SLICE_X50Y27         LUT6 (Prop_lut6_I3_O)        0.328     5.438 f  cpu/dat/Reg_B/mem_reg_i_264/O
                         net (fo=1, routed)           0.536     5.974    cpu/dat/Reg_B/mem_reg_i_264_n_0
    SLICE_X48Y26         LUT6 (Prop_lut6_I1_O)        0.124     6.098 r  cpu/dat/Reg_B/mem_reg_i_170/O
                         net (fo=3, routed)           0.899     6.997    cpu/dat/Reg_B/mem_reg_i_170_n_0
    SLICE_X46Y26         LUT6 (Prop_lut6_I5_O)        0.124     7.121 f  cpu/dat/Reg_B/mem_reg_i_287/O
                         net (fo=1, routed)           0.669     7.790    cpu/dat/Reg_B/mem_reg_i_287_n_0
    SLICE_X42Y26         LUT6 (Prop_lut6_I1_O)        0.124     7.914 r  cpu/dat/Reg_B/mem_reg_i_251/O
                         net (fo=2, routed)           0.818     8.732    cpu/dat/Reg_B/mem_reg_i_251_n_0
    SLICE_X41Y27         LUT6 (Prop_lut6_I5_O)        0.124     8.856 f  cpu/dat/Reg_B/mem_reg_i_302/O
                         net (fo=1, routed)           0.414     9.270    cpu/dat/Reg_B/mem_reg_i_302_n_0
    SLICE_X39Y27         LUT6 (Prop_lut6_I1_O)        0.124     9.394 r  cpu/dat/Reg_B/mem_reg_i_283/O
                         net (fo=2, routed)           1.144    10.538    cpu/control_unit/mem_reg_i_281_2
    SLICE_X38Y29         LUT6 (Prop_lut6_I5_O)        0.124    10.662 r  cpu/control_unit/mem_reg_i_297/O
                         net (fo=1, routed)           0.165    10.827    cpu/control_unit/mem_reg_i_297_n_0
    SLICE_X38Y29         LUT6 (Prop_lut6_I0_O)        0.124    10.951 r  cpu/control_unit/mem_reg_i_281/O
                         net (fo=2, routed)           1.028    11.979    cpu/dat/Reg_B/mem_reg_i_120_0
    SLICE_X37Y30         LUT6 (Prop_lut6_I0_O)        0.124    12.103 r  cpu/dat/Reg_B/mem_reg_i_224/O
                         net (fo=2, routed)           0.806    12.910    cpu/dat/Reg_B/mem_reg_i_224_n_0
    SLICE_X37Y31         LUT6 (Prop_lut6_I0_O)        0.124    13.034 r  cpu/dat/Reg_B/mem_reg_i_221/O
                         net (fo=2, routed)           0.814    13.848    cpu/dat/Reg_B/Q_reg[23]_1
    SLICE_X37Y33         LUT6 (Prop_lut6_I2_O)        0.124    13.972 f  cpu/dat/Reg_B/mem_reg_i_214/O
                         net (fo=1, routed)           0.667    14.639    cpu/dat/Reg_B/mem_reg_i_214_n_0
    SLICE_X37Y33         LUT6 (Prop_lut6_I0_O)        0.124    14.763 f  cpu/dat/Reg_B/mem_reg_i_113/O
                         net (fo=1, routed)           0.000    14.763    cpu/dat/Reg_B/mem_reg_i_113_n_0
    SLICE_X37Y33         MUXF7 (Prop_muxf7_I0_O)      0.212    14.975 f  cpu/dat/Reg_B/mem_reg_i_54/O
                         net (fo=4, routed)           1.499    16.474    cpu/dat/Data_Mem0/Q_reg[26]_0
    SLICE_X48Y30         LUT5 (Prop_lut5_I4_O)        0.299    16.773 r  cpu/dat/Data_Mem0/mem_reg_i_22/O
                         net (fo=2, routed)           0.590    17.363    imem/cpu_to_mem[26]
    RAMB18_X1Y13         RAMB18E1                                     r  imem/mem_reg/DIBDI[8]
  -------------------------------------------------------------------    -------------------

                         (clock sys_clk_pin rise edge)
                                                      0.000     0.000 r  <hidden>
    W5                                                0.000     0.000 r  CLK100MHZ
                         net (fo=0)                   0.000     0.000    CLK100MHZ
    W5                   IBUF (Prop_ibuf_I_O)         1.388     1.388 r  CLK100MHZ_IBUF_inst/O
                         net (fo=1, routed)           1.862     3.250    CLK100MHZ_IBUF
    BUFGCTRL_X0Y1        BUFG (Prop_bufg_I_O)         0.091     3.341 r  CLK100MHZ_IBUF_BUFG_inst/O
                         net (fo=25, routed)          1.484     4.825    imem/CLK100MHZ_IBUF_BUFG
    RAMB18_X1Y13         RAMB18E1                                     r  imem/mem_reg/CLKBWRCLK

Slack:                    inf
  Source:                 cpu/control_unit/im_mux1_reg/G
                            (positive level-sensitive latch)
  Destination:            imem/mem_reg/DIBDI[9]
                            (rising edge-triggered cell RAMB18E1 clocked by sys_clk_pin  {rise@0.000ns fall@5.000ns period=10.000ns})
  Path Group:             (none)
  Path Type:              Setup (Max at Slow Process Corner)
  Data Path Delay:        17.208ns  (logic 2.745ns (15.952%)  route 14.463ns (84.048%))
  Logic Levels:           15  (LDCE=1 LUT2=1 LUT5=1 LUT6=12)
  Clock Uncertainty:      0.025ns  ((TSJ^2 + TIJ^2)^1/2 + DJ) / 2 + PE
    Total System Jitter     (TSJ):    0.050ns
    Total Input Jitter      (TIJ):    0.000ns
    Discrete Jitter          (DJ):    0.000ns
    Phase Error              (PE):    0.000ns

    Location             Delay type                Incr(ns)  Path(ns)    Netlist Resource(s)
  -------------------------------------------------------------------    -------------------
    SLICE_X43Y34         LDCE                         0.000     0.000 r  cpu/control_unit/im_mux1_reg/G
    SLICE_X43Y34         LDCE (EnToQ_ldce_G_Q)        0.783     0.783 r  cpu/control_unit/im_mux1_reg/Q
                         net (fo=136, routed)         3.552     4.335    cpu/dat/Reg_A/dp_mux1
    SLICE_X50Y26         LUT2 (Prop_lut2_I1_O)        0.146     4.481 f  cpu/dat/Reg_A/mem_reg_i_95/O
                         net (fo=4, routed)           0.630     5.110    cpu/dat/Reg_B/mem_reg_i_91_0
    SLICE_X50Y27         LUT6 (Prop_lut6_I3_O)        0.328     5.438 f  cpu/dat/Reg_B/mem_reg_i_264/O
                         net (fo=1, routed)           0.536     5.974    cpu/dat/Reg_B/mem_reg_i_264_n_0
    SLICE_X48Y26         LUT6 (Prop_lut6_I1_O)        0.124     6.098 r  cpu/dat/Reg_B/mem_reg_i_170/O
                         net (fo=3, routed)           0.899     6.997    cpu/dat/Reg_B/mem_reg_i_170_n_0
    SLICE_X46Y26         LUT6 (Prop_lut6_I5_O)        0.124     7.121 f  cpu/dat/Reg_B/mem_reg_i_287/O
                         net (fo=1, routed)           0.669     7.790    cpu/dat/Reg_B/mem_reg_i_287_n_0
    SLICE_X42Y26         LUT6 (Prop_lut6_I1_O)        0.124     7.914 r  cpu/dat/Reg_B/mem_reg_i_251/O
                         net (fo=2, routed)           0.818     8.732    cpu/dat/Reg_B/mem_reg_i_251_n_0
    SLICE_X41Y27         LUT6 (Prop_lut6_I5_O)        0.124     8.856 f  cpu/dat/Reg_B/mem_reg_i_302/O
                         net (fo=1, routed)           0.414     9.270    cpu/dat/Reg_B/mem_reg_i_302_n_0
    SLICE_X39Y27         LUT6 (Prop_lut6_I1_O)        0.124     9.394 r  cpu/dat/Reg_B/mem_reg_i_283/O
                         net (fo=2, routed)           1.144    10.538    cpu/control_unit/mem_reg_i_281_2
    SLICE_X38Y29         LUT6 (Prop_lut6_I5_O)        0.124    10.662 r  cpu/control_unit/mem_reg_i_297/O
                         net (fo=1, routed)           0.165    10.827    cpu/control_unit/mem_reg_i_297_n_0
    SLICE_X38Y29         LUT6 (Prop_lut6_I0_O)        0.124    10.951 r  cpu/control_unit/mem_reg_i_281/O
                         net (fo=2, routed)           0.812    11.763    cpu/control_unit/Q_reg[18]_0
    SLICE_X38Y30         LUT6 (Prop_lut6_I5_O)        0.124    11.887 f  cpu/control_unit/mem_reg_i_280/O
                         net (fo=1, routed)           0.872    12.759    cpu/control_unit/mem_reg_i_280_n_0
    SLICE_X38Y32         LUT6 (Prop_lut6_I1_O)        0.124    12.883 r  cpu/control_unit/mem_reg_i_213/O
                         net (fo=2, routed)           0.671    13.554    cpu/control_unit/Q_reg[23]_0
    SLICE_X38Y33         LUT6 (Prop_lut6_I3_O)        0.124    13.678 r  cpu/control_unit/mem_reg_i_112/O
                         net (fo=1, routed)           0.960    14.638    cpu/control_unit/mem_reg_i_112_n_0
    SLICE_X40Y35         LUT6 (Prop_lut6_I5_O)        0.124    14.762 f  cpu/control_unit/mem_reg_i_53/O
                         net (fo=4, routed)           1.680    16.442    cpu/control_unit/mem_reg_i_53_n_0
    SLICE_X48Y31         LUT5 (Prop_lut5_I3_O)        0.124    16.566 r  cpu/control_unit/mem_reg_i_21/O
                         net (fo=2, routed)           0.642    17.208    imem/cpu_to_mem[27]
    RAMB18_X1Y13         RAMB18E1                                     r  imem/mem_reg/DIBDI[9]
  -------------------------------------------------------------------    -------------------

                         (clock sys_clk_pin rise edge)
                                                      0.000     0.000 r  <hidden>
    W5                                                0.000     0.000 r  CLK100MHZ
                         net (fo=0)                   0.000     0.000    CLK100MHZ
    W5                   IBUF (Prop_ibuf_I_O)         1.388     1.388 r  CLK100MHZ_IBUF_inst/O
                         net (fo=1, routed)           1.862     3.250    CLK100MHZ_IBUF
    BUFGCTRL_X0Y1        BUFG (Prop_bufg_I_O)         0.091     3.341 r  CLK100MHZ_IBUF_BUFG_inst/O
                         net (fo=25, routed)          1.484     4.825    imem/CLK100MHZ_IBUF_BUFG
    RAMB18_X1Y13         RAMB18E1                                     r  imem/mem_reg/CLKBWRCLK

Slack:                    inf
  Source:                 cpu/control_unit/im_mux1_reg/G
                            (positive level-sensitive latch)
  Destination:            imem/mem_reg/DIBDI[12]
                            (rising edge-triggered cell RAMB18E1 clocked by sys_clk_pin  {rise@0.000ns fall@5.000ns period=10.000ns})
  Path Group:             (none)
  Path Type:              Setup (Max at Slow Process Corner)
  Data Path Delay:        16.866ns  (logic 3.261ns (19.335%)  route 13.605ns (80.665%))
  Logic Levels:           17  (LDCE=1 LUT2=1 LUT5=1 LUT6=13 MUXF7=1)
  Clock Uncertainty:      0.025ns  ((TSJ^2 + TIJ^2)^1/2 + DJ) / 2 + PE
    Total System Jitter     (TSJ):    0.050ns
    Total Input Jitter      (TIJ):    0.000ns
    Discrete Jitter          (DJ):    0.000ns
    Phase Error              (PE):    0.000ns

    Location             Delay type                Incr(ns)  Path(ns)    Netlist Resource(s)
  -------------------------------------------------------------------    -------------------
    SLICE_X43Y34         LDCE                         0.000     0.000 r  cpu/control_unit/im_mux1_reg/G
    SLICE_X43Y34         LDCE (EnToQ_ldce_G_Q)        0.783     0.783 r  cpu/control_unit/im_mux1_reg/Q
                         net (fo=136, routed)         3.552     4.335    cpu/dat/Reg_A/dp_mux1
    SLICE_X50Y26         LUT2 (Prop_lut2_I1_O)        0.146     4.481 f  cpu/dat/Reg_A/mem_reg_i_95/O
                         net (fo=4, routed)           0.981     5.462    cpu/dat/Reg_B/mem_reg_i_91_0
    SLICE_X48Y27         LUT6 (Prop_lut6_I4_O)        0.328     5.790 f  cpu/dat/Reg_B/mem_reg_i_315/O
                         net (fo=1, routed)           0.862     6.652    cpu/dat/Reg_B/mem_reg_i_315_n_0
    SLICE_X48Y26         LUT6 (Prop_lut6_I1_O)        0.124     6.776 r  cpu/dat/Reg_B/mem_reg_i_305/O
                         net (fo=2, routed)           0.831     7.607    cpu/dat/Reg_B/mem_reg_i_305_n_0
    SLICE_X47Y26         LUT6 (Prop_lut6_I5_O)        0.124     7.731 f  cpu/dat/Reg_B/mem_reg_i_319/O
                         net (fo=1, routed)           0.438     8.170    cpu/dat/Reg_B/mem_reg_i_319_n_0
    SLICE_X42Y26         LUT6 (Prop_lut6_I1_O)        0.124     8.294 r  cpu/dat/Reg_B/mem_reg_i_313/O
                         net (fo=2, routed)           0.424     8.718    cpu/dat/Reg_B/mem_reg_i_313_n_0
    SLICE_X41Y27         LUT6 (Prop_lut6_I5_O)        0.124     8.842 f  cpu/dat/Reg_B/mem_reg_i_311/O
                         net (fo=1, routed)           0.585     9.427    cpu/dat/Reg_B/mem_reg_i_311_n_0
    SLICE_X39Y27         LUT6 (Prop_lut6_I1_O)        0.124     9.551 r  cpu/dat/Reg_B/mem_reg_i_300/O
                         net (fo=2, routed)           0.817    10.368    cpu/dat/IR/mem_reg_i_295_2
    SLICE_X39Y29         LUT6 (Prop_lut6_I5_O)        0.124    10.492 f  cpu/dat/IR/mem_reg_i_307/O
                         net (fo=1, routed)           0.518    11.010    cpu/control_unit/mem_reg_i_278
    SLICE_X38Y29         LUT6 (Prop_lut6_I1_O)        0.124    11.134 r  cpu/control_unit/mem_reg_i_295/O
                         net (fo=2, routed)           0.804    11.939    cpu/dat/IR/mem_reg_i_212_2
    SLICE_X38Y31         LUT6 (Prop_lut6_I5_O)        0.124    12.063 f  cpu/dat/IR/mem_reg_i_278/O
                         net (fo=1, routed)           0.303    12.366    cpu/dat/IR/mem_reg_i_278_n_0
    SLICE_X38Y32         LUT6 (Prop_lut6_I1_O)        0.124    12.490 r  cpu/dat/IR/mem_reg_i_212/O
                         net (fo=3, routed)           0.628    13.117    cpu/dat/IR/Q_reg[23]_1
    SLICE_X40Y33         LUT6 (Prop_lut6_I0_O)        0.124    13.241 r  cpu/dat/IR/mem_reg_i_205/O
                         net (fo=2, routed)           0.777    14.018    cpu/dat/IR/Q_reg[26]_1
    SLICE_X41Y35         LUT6 (Prop_lut6_I0_O)        0.124    14.142 r  cpu/dat/IR/mem_reg_i_196/O
                         net (fo=1, routed)           0.647    14.790    cpu/dat/IR/mem_reg_i_196_n_0
    SLICE_X41Y35         LUT6 (Prop_lut6_I0_O)        0.124    14.914 r  cpu/dat/IR/mem_reg_i_101/O
                         net (fo=1, routed)           0.000    14.914    cpu/dat/IR/mem_reg_i_101_n_0
    SLICE_X41Y35         MUXF7 (Prop_muxf7_I1_O)      0.217    15.131 r  cpu/dat/IR/mem_reg_i_50/O
                         net (fo=4, routed)           0.987    16.118    cpu/dat/Data_Mem0/Q_reg[30]
    SLICE_X49Y31         LUT5 (Prop_lut5_I2_O)        0.299    16.417 r  cpu/dat/Data_Mem0/mem_reg_i_18/O
                         net (fo=2, routed)           0.449    16.866    imem/cpu_to_mem[30]
    RAMB18_X1Y13         RAMB18E1                                     r  imem/mem_reg/DIBDI[12]
  -------------------------------------------------------------------    -------------------

                         (clock sys_clk_pin rise edge)
                                                      0.000     0.000 r  <hidden>
    W5                                                0.000     0.000 r  CLK100MHZ
                         net (fo=0)                   0.000     0.000    CLK100MHZ
    W5                   IBUF (Prop_ibuf_I_O)         1.388     1.388 r  CLK100MHZ_IBUF_inst/O
                         net (fo=1, routed)           1.862     3.250    CLK100MHZ_IBUF
    BUFGCTRL_X0Y1        BUFG (Prop_bufg_I_O)         0.091     3.341 r  CLK100MHZ_IBUF_BUFG_inst/O
                         net (fo=25, routed)          1.484     4.825    imem/CLK100MHZ_IBUF_BUFG
    RAMB18_X1Y13         RAMB18E1                                     r  imem/mem_reg/CLKBWRCLK

Slack:                    inf
  Source:                 cpu/control_unit/im_mux1_reg/G
                            (positive level-sensitive latch)
  Destination:            imem/mem_reg/DIBDI[7]
                            (rising edge-triggered cell RAMB18E1 clocked by sys_clk_pin  {rise@0.000ns fall@5.000ns period=10.000ns})
  Path Group:             (none)
  Path Type:              Setup (Max at Slow Process Corner)
  Data Path Delay:        16.665ns  (logic 2.745ns (16.472%)  route 13.920ns (83.528%))
  Logic Levels:           15  (LDCE=1 LUT2=1 LUT5=2 LUT6=11)
  Clock Uncertainty:      0.025ns  ((TSJ^2 + TIJ^2)^1/2 + DJ) / 2 + PE
    Total System Jitter     (TSJ):    0.050ns
    Total Input Jitter      (TIJ):    0.000ns
    Discrete Jitter          (DJ):    0.000ns
    Phase Error              (PE):    0.000ns

    Location             Delay type                Incr(ns)  Path(ns)    Netlist Resource(s)
  -------------------------------------------------------------------    -------------------
    SLICE_X43Y34         LDCE                         0.000     0.000 r  cpu/control_unit/im_mux1_reg/G
    SLICE_X43Y34         LDCE (EnToQ_ldce_G_Q)        0.783     0.783 r  cpu/control_unit/im_mux1_reg/Q
                         net (fo=136, routed)         3.552     4.335    cpu/dat/Reg_A/dp_mux1
    SLICE_X50Y26         LUT2 (Prop_lut2_I1_O)        0.146     4.481 f  cpu/dat/Reg_A/mem_reg_i_95/O
                         net (fo=4, routed)           0.630     5.110    cpu/dat/Reg_B/mem_reg_i_91_0
    SLICE_X50Y27         LUT6 (Prop_lut6_I3_O)        0.328     5.438 f  cpu/dat/Reg_B/mem_reg_i_264/O
                         net (fo=1, routed)           0.536     5.974    cpu/dat/Reg_B/mem_reg_i_264_n_0
    SLICE_X48Y26         LUT6 (Prop_lut6_I1_O)        0.124     6.098 r  cpu/dat/Reg_B/mem_reg_i_170/O
                         net (fo=3, routed)           0.899     6.997    cpu/dat/Reg_B/mem_reg_i_170_n_0
    SLICE_X46Y26         LUT6 (Prop_lut6_I5_O)        0.124     7.121 f  cpu/dat/Reg_B/mem_reg_i_287/O
                         net (fo=1, routed)           0.669     7.790    cpu/dat/Reg_B/mem_reg_i_287_n_0
    SLICE_X42Y26         LUT6 (Prop_lut6_I1_O)        0.124     7.914 r  cpu/dat/Reg_B/mem_reg_i_251/O
                         net (fo=2, routed)           0.818     8.732    cpu/dat/Reg_B/mem_reg_i_251_n_0
    SLICE_X41Y27         LUT6 (Prop_lut6_I5_O)        0.124     8.856 f  cpu/dat/Reg_B/mem_reg_i_302/O
                         net (fo=1, routed)           0.414     9.270    cpu/dat/Reg_B/mem_reg_i_302_n_0
    SLICE_X39Y27         LUT6 (Prop_lut6_I1_O)        0.124     9.394 r  cpu/dat/Reg_B/mem_reg_i_283/O
                         net (fo=2, routed)           1.144    10.538    cpu/control_unit/mem_reg_i_281_2
    SLICE_X38Y29         LUT6 (Prop_lut6_I5_O)        0.124    10.662 r  cpu/control_unit/mem_reg_i_297/O
                         net (fo=1, routed)           0.165    10.827    cpu/control_unit/mem_reg_i_297_n_0
    SLICE_X38Y29         LUT6 (Prop_lut6_I0_O)        0.124    10.951 r  cpu/control_unit/mem_reg_i_281/O
                         net (fo=2, routed)           1.028    11.979    cpu/dat/Reg_B/mem_reg_i_120_0
    SLICE_X37Y30         LUT6 (Prop_lut6_I0_O)        0.124    12.103 r  cpu/dat/Reg_B/mem_reg_i_224/O
                         net (fo=2, routed)           0.806    12.910    cpu/dat/Reg_B/mem_reg_i_224_n_0
    SLICE_X37Y31         LUT6 (Prop_lut6_I0_O)        0.124    13.034 r  cpu/dat/Reg_B/mem_reg_i_221/O
                         net (fo=2, routed)           0.638    13.671    cpu/control_unit/Q_i_3_0
    SLICE_X39Y32         LUT6 (Prop_lut6_I0_O)        0.124    13.795 r  cpu/control_unit/mem_reg_i_117/O
                         net (fo=2, routed)           0.845    14.640    cpu/control_unit/mem_reg_i_117_n_0
    SLICE_X40Y32         LUT5 (Prop_lut5_I4_O)        0.124    14.764 f  cpu/control_unit/mem_reg_i_55/O
                         net (fo=3, routed)           1.468    16.232    cpu/control_unit/mem_reg_i_55_n_0
    SLICE_X49Y34         LUT5 (Prop_lut5_I4_O)        0.124    16.356 r  cpu/control_unit/mem_reg_i_23/O
                         net (fo=2, routed)           0.308    16.665    imem/cpu_to_mem[25]
    RAMB18_X1Y13         RAMB18E1                                     r  imem/mem_reg/DIBDI[7]
  -------------------------------------------------------------------    -------------------

                         (clock sys_clk_pin rise edge)
                                                      0.000     0.000 r  <hidden>
    W5                                                0.000     0.000 r  CLK100MHZ
                         net (fo=0)                   0.000     0.000    CLK100MHZ
    W5                   IBUF (Prop_ibuf_I_O)         1.388     1.388 r  CLK100MHZ_IBUF_inst/O
                         net (fo=1, routed)           1.862     3.250    CLK100MHZ_IBUF
    BUFGCTRL_X0Y1        BUFG (Prop_bufg_I_O)         0.091     3.341 r  CLK100MHZ_IBUF_BUFG_inst/O
                         net (fo=25, routed)          1.484     4.825    imem/CLK100MHZ_IBUF_BUFG
    RAMB18_X1Y13         RAMB18E1                                     r  imem/mem_reg/CLKBWRCLK

Slack:                    inf
  Source:                 cpu/control_unit/im_mux1_reg/G
                            (positive level-sensitive latch)
  Destination:            imem/mem_reg/DIBDI[11]
                            (rising edge-triggered cell RAMB18E1 clocked by sys_clk_pin  {rise@0.000ns fall@5.000ns period=10.000ns})
  Path Group:             (none)
  Path Type:              Setup (Max at Slow Process Corner)
  Data Path Delay:        16.523ns  (logic 2.869ns (17.363%)  route 13.654ns (82.636%))
  Logic Levels:           16  (LDCE=1 LUT2=1 LUT5=1 LUT6=13)
  Clock Uncertainty:      0.025ns  ((TSJ^2 + TIJ^2)^1/2 + DJ) / 2 + PE
    Total System Jitter     (TSJ):    0.050ns
    Total Input Jitter      (TIJ):    0.000ns
    Discrete Jitter          (DJ):    0.000ns
    Phase Error              (PE):    0.000ns

    Location             Delay type                Incr(ns)  Path(ns)    Netlist Resource(s)
  -------------------------------------------------------------------    -------------------
    SLICE_X43Y34         LDCE                         0.000     0.000 r  cpu/control_unit/im_mux1_reg/G
    SLICE_X43Y34         LDCE (EnToQ_ldce_G_Q)        0.783     0.783 r  cpu/control_unit/im_mux1_reg/Q
                         net (fo=136, routed)         3.552     4.335    cpu/dat/Reg_A/dp_mux1
    SLICE_X50Y26         LUT2 (Prop_lut2_I1_O)        0.146     4.481 f  cpu/dat/Reg_A/mem_reg_i_95/O
                         net (fo=4, routed)           0.630     5.110    cpu/dat/Reg_B/mem_reg_i_91_0
    SLICE_X50Y27         LUT6 (Prop_lut6_I3_O)        0.328     5.438 f  cpu/dat/Reg_B/mem_reg_i_264/O
                         net (fo=1, routed)           0.536     5.974    cpu/dat/Reg_B/mem_reg_i_264_n_0
    SLICE_X48Y26         LUT6 (Prop_lut6_I1_O)        0.124     6.098 r  cpu/dat/Reg_B/mem_reg_i_170/O
                         net (fo=3, routed)           0.899     6.997    cpu/dat/Reg_B/mem_reg_i_170_n_0
    SLICE_X46Y26         LUT6 (Prop_lut6_I5_O)        0.124     7.121 f  cpu/dat/Reg_B/mem_reg_i_287/O
                         net (fo=1, routed)           0.669     7.790    cpu/dat/Reg_B/mem_reg_i_287_n_0
    SLICE_X42Y26         LUT6 (Prop_lut6_I1_O)        0.124     7.914 r  cpu/dat/Reg_B/mem_reg_i_251/O
                         net (fo=2, routed)           0.818     8.732    cpu/dat/Reg_B/mem_reg_i_251_n_0
    SLICE_X41Y27         LUT6 (Prop_lut6_I5_O)        0.124     8.856 f  cpu/dat/Reg_B/mem_reg_i_302/O
                         net (fo=1, routed)           0.414     9.270    cpu/dat/Reg_B/mem_reg_i_302_n_0
    SLICE_X39Y27         LUT6 (Prop_lut6_I1_O)        0.124     9.394 r  cpu/dat/Reg_B/mem_reg_i_283/O
                         net (fo=2, routed)           1.144    10.538    cpu/control_unit/mem_reg_i_281_2
    SLICE_X38Y29         LUT6 (Prop_lut6_I5_O)        0.124    10.662 r  cpu/control_unit/mem_reg_i_297/O
                         net (fo=1, routed)           0.165    10.827    cpu/control_unit/mem_reg_i_297_n_0
    SLICE_X38Y29         LUT6 (Prop_lut6_I0_O)        0.124    10.951 r  cpu/control_unit/mem_reg_i_281/O
                         net (fo=2, routed)           0.812    11.763    cpu/control_unit/Q_reg[18]_0
    SLICE_X38Y30         LUT6 (Prop_lut6_I5_O)        0.124    11.887 f  cpu/control_unit/mem_reg_i_280/O
                         net (fo=1, routed)           0.872    12.759    cpu/control_unit/mem_reg_i_280_n_0
    SLICE_X38Y32         LUT6 (Prop_lut6_I1_O)        0.124    12.883 r  cpu/control_unit/mem_reg_i_213/O
                         net (fo=2, routed)           0.413    13.296    cpu/dat/IR/mem_reg_i_102
    SLICE_X39Y33         LUT6 (Prop_lut6_I0_O)        0.124    13.420 r  cpu/dat/IR/mem_reg_i_202/O
                         net (fo=4, routed)           0.597    14.016    cpu/control_unit/mem_reg_i_51_2
    SLICE_X40Y33         LUT6 (Prop_lut6_I3_O)        0.124    14.140 r  cpu/control_unit/mem_reg_i_102/O
                         net (fo=1, routed)           0.635    14.775    cpu/control_unit/mem_reg_i_102_n_0
    SLICE_X41Y33         LUT6 (Prop_lut6_I0_O)        0.124    14.899 r  cpu/control_unit/mem_reg_i_51/O
                         net (fo=4, routed)           1.194    16.093    cpu/control_unit/mem_reg_i_51_n_0
    SLICE_X48Y33         LUT5 (Prop_lut5_I2_O)        0.124    16.217 r  cpu/control_unit/mem_reg_i_19/O
                         net (fo=2, routed)           0.306    16.523    imem/cpu_to_mem[29]
    RAMB18_X1Y13         RAMB18E1                                     r  imem/mem_reg/DIBDI[11]
  -------------------------------------------------------------------    -------------------

                         (clock sys_clk_pin rise edge)
                                                      0.000     0.000 r  <hidden>
    W5                                                0.000     0.000 r  CLK100MHZ
                         net (fo=0)                   0.000     0.000    CLK100MHZ
    W5                   IBUF (Prop_ibuf_I_O)         1.388     1.388 r  CLK100MHZ_IBUF_inst/O
                         net (fo=1, routed)           1.862     3.250    CLK100MHZ_IBUF
    BUFGCTRL_X0Y1        BUFG (Prop_bufg_I_O)         0.091     3.341 r  CLK100MHZ_IBUF_BUFG_inst/O
                         net (fo=25, routed)          1.484     4.825    imem/CLK100MHZ_IBUF_BUFG
    RAMB18_X1Y13         RAMB18E1                                     r  imem/mem_reg/CLKBWRCLK

Slack:                    inf
  Source:                 cpu/control_unit/im_mux1_reg/G
                            (positive level-sensitive latch)
  Destination:            imem/mem_reg/DIBDI[10]
                            (rising edge-triggered cell RAMB18E1 clocked by sys_clk_pin  {rise@0.000ns fall@5.000ns period=10.000ns})
  Path Group:             (none)
  Path Type:              Setup (Max at Slow Process Corner)
  Data Path Delay:        16.090ns  (logic 2.869ns (17.831%)  route 13.221ns (82.169%))
  Logic Levels:           16  (LDCE=1 LUT2=1 LUT5=2 LUT6=12)
  Clock Uncertainty:      0.025ns  ((TSJ^2 + TIJ^2)^1/2 + DJ) / 2 + PE
    Total System Jitter     (TSJ):    0.050ns
    Total Input Jitter      (TIJ):    0.000ns
    Discrete Jitter          (DJ):    0.000ns
    Phase Error              (PE):    0.000ns

    Location             Delay type                Incr(ns)  Path(ns)    Netlist Resource(s)
  -------------------------------------------------------------------    -------------------
    SLICE_X43Y34         LDCE                         0.000     0.000 r  cpu/control_unit/im_mux1_reg/G
    SLICE_X43Y34         LDCE (EnToQ_ldce_G_Q)        0.783     0.783 r  cpu/control_unit/im_mux1_reg/Q
                         net (fo=136, routed)         3.552     4.335    cpu/dat/Reg_A/dp_mux1
    SLICE_X50Y26         LUT2 (Prop_lut2_I1_O)        0.146     4.481 f  cpu/dat/Reg_A/mem_reg_i_95/O
                         net (fo=4, routed)           0.981     5.462    cpu/dat/Reg_B/mem_reg_i_91_0
    SLICE_X48Y27         LUT6 (Prop_lut6_I4_O)        0.328     5.790 f  cpu/dat/Reg_B/mem_reg_i_315/O
                         net (fo=1, routed)           0.862     6.652    cpu/dat/Reg_B/mem_reg_i_315_n_0
    SLICE_X48Y26         LUT6 (Prop_lut6_I1_O)        0.124     6.776 r  cpu/dat/Reg_B/mem_reg_i_305/O
                         net (fo=2, routed)           0.831     7.607    cpu/dat/Reg_B/mem_reg_i_305_n_0
    SLICE_X47Y26         LUT6 (Prop_lut6_I5_O)        0.124     7.731 f  cpu/dat/Reg_B/mem_reg_i_319/O
                         net (fo=1, routed)           0.438     8.170    cpu/dat/Reg_B/mem_reg_i_319_n_0
    SLICE_X42Y26         LUT6 (Prop_lut6_I1_O)        0.124     8.294 r  cpu/dat/Reg_B/mem_reg_i_313/O
                         net (fo=2, routed)           0.424     8.718    cpu/dat/Reg_B/mem_reg_i_313_n_0
    SLICE_X41Y27         LUT6 (Prop_lut6_I5_O)        0.124     8.842 f  cpu/dat/Reg_B/mem_reg_i_311/O
                         net (fo=1, routed)           0.585     9.427    cpu/dat/Reg_B/mem_reg_i_311_n_0
    SLICE_X39Y27         LUT6 (Prop_lut6_I1_O)        0.124     9.551 r  cpu/dat/Reg_B/mem_reg_i_300/O
                         net (fo=2, routed)           0.817    10.368    cpu/dat/IR/mem_reg_i_295_2
    SLICE_X39Y29         LUT6 (Prop_lut6_I5_O)        0.124    10.492 f  cpu/dat/IR/mem_reg_i_307/O
                         net (fo=1, routed)           0.518    11.010    cpu/control_unit/mem_reg_i_278
    SLICE_X38Y29         LUT6 (Prop_lut6_I1_O)        0.124    11.134 r  cpu/control_unit/mem_reg_i_295/O
                         net (fo=2, routed)           0.996    12.130    cpu/dat/IR/mem_reg_i_212_2
    SLICE_X38Y31         LUT6 (Prop_lut6_I0_O)        0.124    12.254 r  cpu/dat/IR/mem_reg_i_293/O
                         net (fo=1, routed)           0.165    12.419    cpu/dat/IR/mem_reg_i_293_n_0
    SLICE_X38Y31         LUT6 (Prop_lut6_I0_O)        0.124    12.543 r  cpu/dat/IR/mem_reg_i_276/O
                         net (fo=2, routed)           0.823    13.366    cpu/dat/IR/mem_reg_i_276_n_0
    SLICE_X38Y33         LUT6 (Prop_lut6_I0_O)        0.124    13.490 r  cpu/dat/IR/mem_reg_i_209/O
                         net (fo=1, routed)           0.320    13.810    cpu/control_unit/mem_reg_i_52_0
    SLICE_X41Y34         LUT6 (Prop_lut6_I2_O)        0.124    13.934 r  cpu/control_unit/mem_reg_i_106/O
                         net (fo=2, routed)           0.670    14.604    cpu/control_unit/mem_reg_i_106_n_0
    SLICE_X41Y34         LUT5 (Prop_lut5_I1_O)        0.124    14.728 f  cpu/control_unit/mem_reg_i_52/O
                         net (fo=3, routed)           0.838    15.566    cpu/control_unit/mem_reg_i_52_n_0
    SLICE_X46Y33         LUT5 (Prop_lut5_I0_O)        0.124    15.690 r  cpu/control_unit/mem_reg_i_20/O
                         net (fo=2, routed)           0.400    16.090    imem/cpu_to_mem[28]
    RAMB18_X1Y13         RAMB18E1                                     r  imem/mem_reg/DIBDI[10]
  -------------------------------------------------------------------    -------------------

                         (clock sys_clk_pin rise edge)
                                                      0.000     0.000 r  <hidden>
    W5                                                0.000     0.000 r  CLK100MHZ
                         net (fo=0)                   0.000     0.000    CLK100MHZ
    W5                   IBUF (Prop_ibuf_I_O)         1.388     1.388 r  CLK100MHZ_IBUF_inst/O
                         net (fo=1, routed)           1.862     3.250    CLK100MHZ_IBUF
    BUFGCTRL_X0Y1        BUFG (Prop_bufg_I_O)         0.091     3.341 r  CLK100MHZ_IBUF_BUFG_inst/O
                         net (fo=25, routed)          1.484     4.825    imem/CLK100MHZ_IBUF_BUFG
    RAMB18_X1Y13         RAMB18E1                                     r  imem/mem_reg/CLKBWRCLK

Slack:                    inf
  Source:                 cpu/control_unit/im_mux1_reg/G
                            (positive level-sensitive latch)
  Destination:            imem/mem_reg/DIBDI[5]
                            (rising edge-triggered cell RAMB18E1 clocked by sys_clk_pin  {rise@0.000ns fall@5.000ns period=10.000ns})
  Path Group:             (none)
  Path Type:              Setup (Max at Slow Process Corner)
  Data Path Delay:        15.191ns  (logic 3.013ns (19.834%)  route 12.178ns (80.166%))
  Logic Levels:           15  (LDCE=1 LUT2=1 LUT5=1 LUT6=11 MUXF7=1)
  Clock Uncertainty:      0.025ns  ((TSJ^2 + TIJ^2)^1/2 + DJ) / 2 + PE
    Total System Jitter     (TSJ):    0.050ns
    Total Input Jitter      (TIJ):    0.000ns
    Discrete Jitter          (DJ):    0.000ns
    Phase Error              (PE):    0.000ns

    Location             Delay type                Incr(ns)  Path(ns)    Netlist Resource(s)
  -------------------------------------------------------------------    -------------------
    SLICE_X43Y34         LDCE                         0.000     0.000 r  cpu/control_unit/im_mux1_reg/G
    SLICE_X43Y34         LDCE (EnToQ_ldce_G_Q)        0.783     0.783 r  cpu/control_unit/im_mux1_reg/Q
                         net (fo=136, routed)         3.552     4.335    cpu/dat/Reg_A/dp_mux1
    SLICE_X50Y26         LUT2 (Prop_lut2_I1_O)        0.146     4.481 f  cpu/dat/Reg_A/mem_reg_i_95/O
                         net (fo=4, routed)           0.981     5.462    cpu/dat/Reg_B/mem_reg_i_91_0
    SLICE_X48Y27         LUT6 (Prop_lut6_I4_O)        0.328     5.790 f  cpu/dat/Reg_B/mem_reg_i_315/O
                         net (fo=1, routed)           0.862     6.652    cpu/dat/Reg_B/mem_reg_i_315_n_0
    SLICE_X48Y26         LUT6 (Prop_lut6_I1_O)        0.124     6.776 r  cpu/dat/Reg_B/mem_reg_i_305/O
                         net (fo=2, routed)           0.831     7.607    cpu/dat/Reg_B/mem_reg_i_305_n_0
    SLICE_X47Y26         LUT6 (Prop_lut6_I5_O)        0.124     7.731 f  cpu/dat/Reg_B/mem_reg_i_319/O
                         net (fo=1, routed)           0.438     8.170    cpu/dat/Reg_B/mem_reg_i_319_n_0
    SLICE_X42Y26         LUT6 (Prop_lut6_I1_O)        0.124     8.294 r  cpu/dat/Reg_B/mem_reg_i_313/O
                         net (fo=2, routed)           0.424     8.718    cpu/dat/Reg_B/mem_reg_i_313_n_0
    SLICE_X41Y27         LUT6 (Prop_lut6_I5_O)        0.124     8.842 f  cpu/dat/Reg_B/mem_reg_i_311/O
                         net (fo=1, routed)           0.585     9.427    cpu/dat/Reg_B/mem_reg_i_311_n_0
    SLICE_X39Y27         LUT6 (Prop_lut6_I1_O)        0.124     9.551 r  cpu/dat/Reg_B/mem_reg_i_300/O
                         net (fo=2, routed)           0.414     9.965    cpu/dat/Reg_B/Q_reg[13]_1
    SLICE_X39Y29         LUT6 (Prop_lut6_I0_O)        0.124    10.089 r  cpu/dat/Reg_B/mem_reg_i_282/O
                         net (fo=1, routed)           0.263    10.352    cpu/dat/Reg_B/mem_reg_i_282_n_0
    SLICE_X39Y29         LUT6 (Prop_lut6_I0_O)        0.124    10.476 r  cpu/dat/Reg_B/mem_reg_i_234/O
                         net (fo=2, routed)           0.716    11.192    cpu/dat/Reg_B/Q_reg[18]_1
    SLICE_X37Y30         LUT6 (Prop_lut6_I0_O)        0.124    11.316 r  cpu/dat/Reg_B/mem_reg_i_229/O
                         net (fo=3, routed)           0.648    11.964    cpu/dat/Reg_B/Q_reg[20]_1
    SLICE_X37Y31         LUT6 (Prop_lut6_I2_O)        0.124    12.088 r  cpu/dat/Reg_B/mem_reg_i_226/O
                         net (fo=1, routed)           0.665    12.753    cpu/dat/IR/mem_reg_i_57
    SLICE_X37Y31         LUT6 (Prop_lut6_I0_O)        0.124    12.877 f  cpu/dat/IR/mem_reg_i_121/O
                         net (fo=1, routed)           0.000    12.877    cpu/dat/Reg_B/Q_reg[23]_2
    SLICE_X37Y31         MUXF7 (Prop_muxf7_I1_O)      0.217    13.094 f  cpu/dat/Reg_B/mem_reg_i_57/O
                         net (fo=4, routed)           1.475    14.569    cpu/dat/Data_Mem0/Q_reg[23]
    SLICE_X48Y33         LUT5 (Prop_lut5_I4_O)        0.299    14.868 r  cpu/dat/Data_Mem0/mem_reg_i_25/O
                         net (fo=2, routed)           0.323    15.191    imem/cpu_to_mem[23]
    RAMB18_X1Y13         RAMB18E1                                     r  imem/mem_reg/DIBDI[5]
  -------------------------------------------------------------------    -------------------

                         (clock sys_clk_pin rise edge)
                                                      0.000     0.000 r  <hidden>
    W5                                                0.000     0.000 r  CLK100MHZ
                         net (fo=0)                   0.000     0.000    CLK100MHZ
    W5                   IBUF (Prop_ibuf_I_O)         1.388     1.388 r  CLK100MHZ_IBUF_inst/O
                         net (fo=1, routed)           1.862     3.250    CLK100MHZ_IBUF
    BUFGCTRL_X0Y1        BUFG (Prop_bufg_I_O)         0.091     3.341 r  CLK100MHZ_IBUF_BUFG_inst/O
                         net (fo=25, routed)          1.484     4.825    imem/CLK100MHZ_IBUF_BUFG
    RAMB18_X1Y13         RAMB18E1                                     r  imem/mem_reg/CLKBWRCLK

Slack:                    inf
  Source:                 cpu/control_unit/im_mux1_reg/G
                            (positive level-sensitive latch)
  Destination:            imem/mem_reg/DIBDI[1]
                            (rising edge-triggered cell RAMB18E1 clocked by sys_clk_pin  {rise@0.000ns fall@5.000ns period=10.000ns})
  Path Group:             (none)
  Path Type:              Setup (Max at Slow Process Corner)
  Data Path Delay:        14.912ns  (logic 2.497ns (16.745%)  route 12.415ns (83.255%))
  Logic Levels:           13  (LDCE=1 LUT2=1 LUT5=2 LUT6=9)
  Clock Uncertainty:      0.025ns  ((TSJ^2 + TIJ^2)^1/2 + DJ) / 2 + PE
    Total System Jitter     (TSJ):    0.050ns
    Total Input Jitter      (TIJ):    0.000ns
    Discrete Jitter          (DJ):    0.000ns
    Phase Error              (PE):    0.000ns

    Location             Delay type                Incr(ns)  Path(ns)    Netlist Resource(s)
  -------------------------------------------------------------------    -------------------
    SLICE_X43Y34         LDCE                         0.000     0.000 r  cpu/control_unit/im_mux1_reg/G
    SLICE_X43Y34         LDCE (EnToQ_ldce_G_Q)        0.783     0.783 r  cpu/control_unit/im_mux1_reg/Q
                         net (fo=136, routed)         3.552     4.335    cpu/dat/Reg_A/dp_mux1
    SLICE_X50Y26         LUT2 (Prop_lut2_I1_O)        0.146     4.481 f  cpu/dat/Reg_A/mem_reg_i_95/O
                         net (fo=4, routed)           0.630     5.110    cpu/dat/Reg_B/mem_reg_i_91_0
    SLICE_X50Y27         LUT6 (Prop_lut6_I3_O)        0.328     5.438 f  cpu/dat/Reg_B/mem_reg_i_264/O
                         net (fo=1, routed)           0.536     5.974    cpu/dat/Reg_B/mem_reg_i_264_n_0
    SLICE_X48Y26         LUT6 (Prop_lut6_I1_O)        0.124     6.098 r  cpu/dat/Reg_B/mem_reg_i_170/O
                         net (fo=3, routed)           0.899     6.997    cpu/dat/Reg_B/mem_reg_i_170_n_0
    SLICE_X46Y26         LUT6 (Prop_lut6_I5_O)        0.124     7.121 f  cpu/dat/Reg_B/mem_reg_i_287/O
                         net (fo=1, routed)           0.669     7.790    cpu/dat/Reg_B/mem_reg_i_287_n_0
    SLICE_X42Y26         LUT6 (Prop_lut6_I1_O)        0.124     7.914 r  cpu/dat/Reg_B/mem_reg_i_251/O
                         net (fo=2, routed)           0.800     8.714    cpu/dat/Reg_B/mem_reg_i_251_n_0
    SLICE_X41Y26         LUT6 (Prop_lut6_I0_O)        0.124     8.838 r  cpu/dat/Reg_B/mem_reg_i_149/O
                         net (fo=2, routed)           0.822     9.661    cpu/dat/Reg_B/mem_reg_i_149_n_0
    SLICE_X41Y28         LUT6 (Prop_lut6_I0_O)        0.124     9.785 r  cpu/dat/Reg_B/mem_reg_i_140/O
                         net (fo=3, routed)           0.602    10.386    cpu/dat/Reg_B/mem_reg_i_140_n_0
    SLICE_X39Y28         LUT6 (Prop_lut6_I0_O)        0.124    10.510 r  cpu/dat/Reg_B/mem_reg_i_247/O
                         net (fo=2, routed)           0.814    11.324    cpu/dat/Reg_B/mem_reg_i_247_n_0
    SLICE_X39Y30         LUT6 (Prop_lut6_I0_O)        0.124    11.448 r  cpu/dat/Reg_B/mem_reg_i_241/O
                         net (fo=1, routed)           0.667    12.115    cpu/dat/Reg_B/mem_reg_i_241_n_0
    SLICE_X39Y30         LUT6 (Prop_lut6_I0_O)        0.124    12.239 r  cpu/dat/Reg_B/mem_reg_i_132/O
                         net (fo=1, routed)           0.643    12.882    cpu/control_unit/Q_reg[19]_4
    SLICE_X41Y29         LUT5 (Prop_lut5_I4_O)        0.124    13.006 r  cpu/control_unit/mem_reg_i_61/O
                         net (fo=4, routed)           1.316    14.323    cpu/control_unit/Q_reg[19]
    SLICE_X48Y31         LUT5 (Prop_lut5_I4_O)        0.124    14.447 r  cpu/control_unit/mem_reg_i_29/O
                         net (fo=2, routed)           0.466    14.912    imem/cpu_to_mem[19]
    RAMB18_X1Y13         RAMB18E1                                     r  imem/mem_reg/DIBDI[1]
  -------------------------------------------------------------------    -------------------

                         (clock sys_clk_pin rise edge)
                                                      0.000     0.000 r  <hidden>
    W5                                                0.000     0.000 r  CLK100MHZ
                         net (fo=0)                   0.000     0.000    CLK100MHZ
    W5                   IBUF (Prop_ibuf_I_O)         1.388     1.388 r  CLK100MHZ_IBUF_inst/O
                         net (fo=1, routed)           1.862     3.250    CLK100MHZ_IBUF
    BUFGCTRL_X0Y1        BUFG (Prop_bufg_I_O)         0.091     3.341 r  CLK100MHZ_IBUF_BUFG_inst/O
                         net (fo=25, routed)          1.484     4.825    imem/CLK100MHZ_IBUF_BUFG
    RAMB18_X1Y13         RAMB18E1                                     r  imem/mem_reg/CLKBWRCLK

Slack:                    inf
  Source:                 cpu/control_unit/im_mux1_reg/G
                            (positive level-sensitive latch)
  Destination:            imem/mem_reg/DIBDI[2]
                            (rising edge-triggered cell RAMB18E1 clocked by sys_clk_pin  {rise@0.000ns fall@5.000ns period=10.000ns})
  Path Group:             (none)
  Path Type:              Setup (Max at Slow Process Corner)
  Data Path Delay:        14.700ns  (logic 2.889ns (19.652%)  route 11.811ns (80.348%))
  Logic Levels:           14  (LDCE=1 LUT2=1 LUT5=1 LUT6=10 MUXF7=1)
  Clock Uncertainty:      0.025ns  ((TSJ^2 + TIJ^2)^1/2 + DJ) / 2 + PE
    Total System Jitter     (TSJ):    0.050ns
    Total Input Jitter      (TIJ):    0.000ns
    Discrete Jitter          (DJ):    0.000ns
    Phase Error              (PE):    0.000ns

    Location             Delay type                Incr(ns)  Path(ns)    Netlist Resource(s)
  -------------------------------------------------------------------    -------------------
    SLICE_X43Y34         LDCE                         0.000     0.000 r  cpu/control_unit/im_mux1_reg/G
    SLICE_X43Y34         LDCE (EnToQ_ldce_G_Q)        0.783     0.783 r  cpu/control_unit/im_mux1_reg/Q
                         net (fo=136, routed)         3.552     4.335    cpu/dat/Reg_A/dp_mux1
    SLICE_X50Y26         LUT2 (Prop_lut2_I1_O)        0.146     4.481 f  cpu/dat/Reg_A/mem_reg_i_95/O
                         net (fo=4, routed)           0.981     5.462    cpu/dat/Reg_B/mem_reg_i_91_0
    SLICE_X48Y27         LUT6 (Prop_lut6_I4_O)        0.328     5.790 f  cpu/dat/Reg_B/mem_reg_i_315/O
                         net (fo=1, routed)           0.862     6.652    cpu/dat/Reg_B/mem_reg_i_315_n_0
    SLICE_X48Y26         LUT6 (Prop_lut6_I1_O)        0.124     6.776 r  cpu/dat/Reg_B/mem_reg_i_305/O
                         net (fo=2, routed)           0.831     7.607    cpu/dat/Reg_B/mem_reg_i_305_n_0
    SLICE_X47Y26         LUT6 (Prop_lut6_I5_O)        0.124     7.731 f  cpu/dat/Reg_B/mem_reg_i_319/O
                         net (fo=1, routed)           0.438     8.170    cpu/dat/Reg_B/mem_reg_i_319_n_0
    SLICE_X42Y26         LUT6 (Prop_lut6_I1_O)        0.124     8.294 r  cpu/dat/Reg_B/mem_reg_i_313/O
                         net (fo=2, routed)           0.641     8.935    cpu/dat/Reg_B/mem_reg_i_313_n_0
    SLICE_X41Y26         LUT6 (Prop_lut6_I0_O)        0.124     9.059 r  cpu/dat/Reg_B/mem_reg_i_303/O
                         net (fo=1, routed)           0.263     9.322    cpu/dat/Reg_B/mem_reg_i_303_n_0
    SLICE_X41Y26         LUT6 (Prop_lut6_I0_O)        0.124     9.446 r  cpu/dat/Reg_B/mem_reg_i_284/O
                         net (fo=2, routed)           0.587    10.032    cpu/dat/Reg_B/mem_reg_i_284_n_0
    SLICE_X40Y28         LUT6 (Prop_lut6_I0_O)        0.124    10.156 r  cpu/dat/Reg_B/mem_reg_i_246/O
                         net (fo=3, routed)           0.598    10.755    cpu/dat/Reg_B/mem_reg_i_246_n_0
    SLICE_X40Y29         LUT6 (Prop_lut6_I0_O)        0.124    10.879 r  cpu/dat/Reg_B/mem_reg_i_240/O
                         net (fo=2, routed)           0.799    11.678    cpu/dat/Reg_B/Q_reg[17]_2
    SLICE_X41Y30         LUT6 (Prop_lut6_I2_O)        0.124    11.802 r  cpu/dat/Reg_B/mem_reg_i_238/O
                         net (fo=1, routed)           0.665    12.467    cpu/dat/IR/mem_reg_i_60
    SLICE_X41Y30         LUT6 (Prop_lut6_I1_O)        0.124    12.591 r  cpu/dat/IR/mem_reg_i_129/O
                         net (fo=1, routed)           0.000    12.591    cpu/dat/Reg_B/Q_reg[20]_2
    SLICE_X41Y30         MUXF7 (Prop_muxf7_I1_O)      0.217    12.808 r  cpu/dat/Reg_B/mem_reg_i_60/O
                         net (fo=4, routed)           1.287    14.096    cpu/dat/Data_Mem0/Q_reg[20]
    SLICE_X49Y33         LUT5 (Prop_lut5_I4_O)        0.299    14.395 r  cpu/dat/Data_Mem0/mem_reg_i_28/O
                         net (fo=2, routed)           0.306    14.700    imem/cpu_to_mem[20]
    RAMB18_X1Y13         RAMB18E1                                     r  imem/mem_reg/DIBDI[2]
  -------------------------------------------------------------------    -------------------

                         (clock sys_clk_pin rise edge)
                                                      0.000     0.000 r  <hidden>
    W5                                                0.000     0.000 r  CLK100MHZ
                         net (fo=0)                   0.000     0.000    CLK100MHZ
    W5                   IBUF (Prop_ibuf_I_O)         1.388     1.388 r  CLK100MHZ_IBUF_inst/O
                         net (fo=1, routed)           1.862     3.250    CLK100MHZ_IBUF
    BUFGCTRL_X0Y1        BUFG (Prop_bufg_I_O)         0.091     3.341 r  CLK100MHZ_IBUF_BUFG_inst/O
                         net (fo=25, routed)          1.484     4.825    imem/CLK100MHZ_IBUF_BUFG
    RAMB18_X1Y13         RAMB18E1                                     r  imem/mem_reg/CLKBWRCLK





Min Delay Paths
--------------------------------------------------------------------------------------
Slack:                    inf
  Source:                 cpu/dat/IR/Q_reg[7]/C
                            (rising edge-triggered cell FDRE)
  Destination:            cpu/dat/Data_Mem0/DATAMEM_reg/ADDRARDADDR[12]
                            (falling edge-triggered cell RAMB18E1 clocked by sys_clk_pin  {rise@0.000ns fall@5.000ns period=10.000ns})
  Path Group:             (none)
  Path Type:              Hold (Min at Fast Process Corner)
  Data Path Delay:        0.322ns  (logic 0.141ns (43.773%)  route 0.181ns (56.227%))
  Logic Levels:           1  (FDRE=1)
  Clock Uncertainty:      0.025ns  ((TSJ^2 + TIJ^2)^1/2 + DJ) / 2 + PE
    Total System Jitter     (TSJ):    0.050ns
    Total Input Jitter      (TIJ):    0.000ns
    Discrete Jitter          (DJ):    0.000ns
    Phase Error              (PE):    0.000ns

    Location             Delay type                Incr(ns)  Path(ns)    Netlist Resource(s)
  -------------------------------------------------------------------    -------------------
    SLICE_X49Y31         FDRE                         0.000     0.000 r  cpu/dat/IR/Q_reg[7]/C
    SLICE_X49Y31         FDRE (Prop_fdre_C_Q)         0.141     0.141 r  cpu/dat/IR/Q_reg[7]/Q
                         net (fo=14, routed)          0.181     0.322    cpu/dat/Data_Mem0/ADDRARDADDR[7]
    RAMB18_X1Y12         RAMB18E1                                     r  cpu/dat/Data_Mem0/DATAMEM_reg/ADDRARDADDR[12]
  -------------------------------------------------------------------    -------------------

                         (clock sys_clk_pin fall edge)
                                                      5.000     5.000 f  <hidden>
    W5                                                0.000     5.000 f  CLK100MHZ
                         net (fo=0)                   0.000     5.000    CLK100MHZ
    W5                   IBUF (Prop_ibuf_I_O)         0.414     5.414 f  CLK100MHZ_IBUF_inst/O
                         net (fo=1, routed)           0.685     6.099    CLK100MHZ_IBUF
    BUFGCTRL_X0Y1        BUFG (Prop_bufg_I_O)         0.029     6.128 f  CLK100MHZ_IBUF_BUFG_inst/O
                         net (fo=25, routed)          0.871     6.999    cpu/dat/Data_Mem0/DATAMEM_reg_0
    RAMB18_X1Y12         RAMB18E1                                     r  cpu/dat/Data_Mem0/DATAMEM_reg/CLKARDCLK  (IS_INVERTED)

Slack:                    inf
  Source:                 cpu/dat/IR/Q_reg[7]/C
                            (rising edge-triggered cell FDRE)
  Destination:            cpu/dat/Data_Mem0/DATAMEM_reg/ADDRBWRADDR[12]
                            (falling edge-triggered cell RAMB18E1 clocked by sys_clk_pin  {rise@0.000ns fall@5.000ns period=10.000ns})
  Path Group:             (none)
  Path Type:              Hold (Min at Fast Process Corner)
  Data Path Delay:        0.381ns  (logic 0.141ns (37.004%)  route 0.240ns (62.996%))
  Logic Levels:           1  (FDRE=1)
  Clock Uncertainty:      0.025ns  ((TSJ^2 + TIJ^2)^1/2 + DJ) / 2 + PE
    Total System Jitter     (TSJ):    0.050ns
    Total Input Jitter      (TIJ):    0.000ns
    Discrete Jitter          (DJ):    0.000ns
    Phase Error              (PE):    0.000ns

    Location             Delay type                Incr(ns)  Path(ns)    Netlist Resource(s)
  -------------------------------------------------------------------    -------------------
    SLICE_X49Y31         FDRE                         0.000     0.000 r  cpu/dat/IR/Q_reg[7]/C
    SLICE_X49Y31         FDRE (Prop_fdre_C_Q)         0.141     0.141 r  cpu/dat/IR/Q_reg[7]/Q
                         net (fo=14, routed)          0.240     0.381    cpu/dat/Data_Mem0/ADDRARDADDR[7]
    RAMB18_X1Y12         RAMB18E1                                     r  cpu/dat/Data_Mem0/DATAMEM_reg/ADDRBWRADDR[12]
  -------------------------------------------------------------------    -------------------

                         (clock sys_clk_pin fall edge)
                                                      5.000     5.000 f  <hidden>
    W5                                                0.000     5.000 f  CLK100MHZ
                         net (fo=0)                   0.000     5.000    CLK100MHZ
    W5                   IBUF (Prop_ibuf_I_O)         0.414     5.414 f  CLK100MHZ_IBUF_inst/O
                         net (fo=1, routed)           0.685     6.099    CLK100MHZ_IBUF
    BUFGCTRL_X0Y1        BUFG (Prop_bufg_I_O)         0.029     6.128 f  CLK100MHZ_IBUF_BUFG_inst/O
                         net (fo=25, routed)          0.869     6.997    cpu/dat/Data_Mem0/DATAMEM_reg_0
    RAMB18_X1Y12         RAMB18E1                                     r  cpu/dat/Data_Mem0/DATAMEM_reg/CLKBWRCLK  (IS_INVERTED)

Slack:                    inf
  Source:                 cpu/dat/IR/Q_reg[0]/C
                            (rising edge-triggered cell FDRE)
  Destination:            cpu/dat/Data_Mem0/DATAMEM_reg/ADDRBWRADDR[5]
                            (falling edge-triggered cell RAMB18E1 clocked by sys_clk_pin  {rise@0.000ns fall@5.000ns period=10.000ns})
  Path Group:             (none)
  Path Type:              Hold (Min at Fast Process Corner)
  Data Path Delay:        0.395ns  (logic 0.141ns (35.704%)  route 0.254ns (64.296%))
  Logic Levels:           1  (FDRE=1)
  Clock Uncertainty:      0.025ns  ((TSJ^2 + TIJ^2)^1/2 + DJ) / 2 + PE
    Total System Jitter     (TSJ):    0.050ns
    Total Input Jitter      (TIJ):    0.000ns
    Discrete Jitter          (DJ):    0.000ns
    Phase Error              (PE):    0.000ns

    Location             Delay type                Incr(ns)  Path(ns)    Netlist Resource(s)
  -------------------------------------------------------------------    -------------------
    SLICE_X49Y30         FDRE                         0.000     0.000 r  cpu/dat/IR/Q_reg[0]/C
    SLICE_X49Y30         FDRE (Prop_fdre_C_Q)         0.141     0.141 r  cpu/dat/IR/Q_reg[0]/Q
                         net (fo=11, routed)          0.254     0.395    cpu/dat/Data_Mem0/ADDRARDADDR[0]
    RAMB18_X1Y12         RAMB18E1                                     r  cpu/dat/Data_Mem0/DATAMEM_reg/ADDRBWRADDR[5]
  -------------------------------------------------------------------    -------------------

                         (clock sys_clk_pin fall edge)
                                                      5.000     5.000 f  <hidden>
    W5                                                0.000     5.000 f  CLK100MHZ
                         net (fo=0)                   0.000     5.000    CLK100MHZ
    W5                   IBUF (Prop_ibuf_I_O)         0.414     5.414 f  CLK100MHZ_IBUF_inst/O
                         net (fo=1, routed)           0.685     6.099    CLK100MHZ_IBUF
    BUFGCTRL_X0Y1        BUFG (Prop_bufg_I_O)         0.029     6.128 f  CLK100MHZ_IBUF_BUFG_inst/O
                         net (fo=25, routed)          0.869     6.997    cpu/dat/Data_Mem0/DATAMEM_reg_0
    RAMB18_X1Y12         RAMB18E1                                     r  cpu/dat/Data_Mem0/DATAMEM_reg/CLKBWRCLK  (IS_INVERTED)

Slack:                    inf
  Source:                 cpu/dat/IR/Q_reg[0]/C
                            (rising edge-triggered cell FDRE)
  Destination:            cpu/dat/Data_Mem0/DATAMEM_reg/ADDRARDADDR[5]
                            (falling edge-triggered cell RAMB18E1 clocked by sys_clk_pin  {rise@0.000ns fall@5.000ns period=10.000ns})
  Path Group:             (none)
  Path Type:              Hold (Min at Fast Process Corner)
  Data Path Delay:        0.396ns  (logic 0.141ns (35.563%)  route 0.255ns (64.437%))
  Logic Levels:           1  (FDRE=1)
  Clock Uncertainty:      0.025ns  ((TSJ^2 + TIJ^2)^1/2 + DJ) / 2 + PE
    Total System Jitter     (TSJ):    0.050ns
    Total Input Jitter      (TIJ):    0.000ns
    Discrete Jitter          (DJ):    0.000ns
    Phase Error              (PE):    0.000ns

    Location             Delay type                Incr(ns)  Path(ns)    Netlist Resource(s)
  -------------------------------------------------------------------    -------------------
    SLICE_X49Y30         FDRE                         0.000     0.000 r  cpu/dat/IR/Q_reg[0]/C
    SLICE_X49Y30         FDRE (Prop_fdre_C_Q)         0.141     0.141 r  cpu/dat/IR/Q_reg[0]/Q
                         net (fo=11, routed)          0.255     0.396    cpu/dat/Data_Mem0/ADDRARDADDR[0]
    RAMB18_X1Y12         RAMB18E1                                     r  cpu/dat/Data_Mem0/DATAMEM_reg/ADDRARDADDR[5]
  -------------------------------------------------------------------    -------------------

                         (clock sys_clk_pin fall edge)
                                                      5.000     5.000 f  <hidden>
    W5                                                0.000     5.000 f  CLK100MHZ
                         net (fo=0)                   0.000     5.000    CLK100MHZ
    W5                   IBUF (Prop_ibuf_I_O)         0.414     5.414 f  CLK100MHZ_IBUF_inst/O
                         net (fo=1, routed)           0.685     6.099    CLK100MHZ_IBUF
    BUFGCTRL_X0Y1        BUFG (Prop_bufg_I_O)         0.029     6.128 f  CLK100MHZ_IBUF_BUFG_inst/O
                         net (fo=25, routed)          0.871     6.999    cpu/dat/Data_Mem0/DATAMEM_reg_0
    RAMB18_X1Y12         RAMB18E1                                     r  cpu/dat/Data_Mem0/DATAMEM_reg/CLKARDCLK  (IS_INVERTED)

Slack:                    inf
  Source:                 cpu/dat/IR/Q_reg[5]/C
                            (rising edge-triggered cell FDRE)
  Destination:            cpu/dat/Data_Mem0/DATAMEM_reg/ADDRARDADDR[10]
                            (falling edge-triggered cell RAMB18E1 clocked by sys_clk_pin  {rise@0.000ns fall@5.000ns period=10.000ns})
  Path Group:             (none)
  Path Type:              Hold (Min at Fast Process Corner)
  Data Path Delay:        0.430ns  (logic 0.141ns (32.797%)  route 0.289ns (67.203%))
  Logic Levels:           1  (FDRE=1)
  Clock Uncertainty:      0.025ns  ((TSJ^2 + TIJ^2)^1/2 + DJ) / 2 + PE
    Total System Jitter     (TSJ):    0.050ns
    Total Input Jitter      (TIJ):    0.000ns
    Discrete Jitter          (DJ):    0.000ns
    Phase Error              (PE):    0.000ns

    Location             Delay type                Incr(ns)  Path(ns)    Netlist Resource(s)
  -------------------------------------------------------------------    -------------------
    SLICE_X48Y30         FDRE                         0.000     0.000 r  cpu/dat/IR/Q_reg[5]/C
    SLICE_X48Y30         FDRE (Prop_fdre_C_Q)         0.141     0.141 r  cpu/dat/IR/Q_reg[5]/Q
                         net (fo=9, routed)           0.289     0.430    cpu/dat/Data_Mem0/ADDRARDADDR[5]
    RAMB18_X1Y12         RAMB18E1                                     r  cpu/dat/Data_Mem0/DATAMEM_reg/ADDRARDADDR[10]
  -------------------------------------------------------------------    -------------------

                         (clock sys_clk_pin fall edge)
                                                      5.000     5.000 f  <hidden>
    W5                                                0.000     5.000 f  CLK100MHZ
                         net (fo=0)                   0.000     5.000    CLK100MHZ
    W5                   IBUF (Prop_ibuf_I_O)         0.414     5.414 f  CLK100MHZ_IBUF_inst/O
                         net (fo=1, routed)           0.685     6.099    CLK100MHZ_IBUF
    BUFGCTRL_X0Y1        BUFG (Prop_bufg_I_O)         0.029     6.128 f  CLK100MHZ_IBUF_BUFG_inst/O
                         net (fo=25, routed)          0.871     6.999    cpu/dat/Data_Mem0/DATAMEM_reg_0
    RAMB18_X1Y12         RAMB18E1                                     r  cpu/dat/Data_Mem0/DATAMEM_reg/CLKARDCLK  (IS_INVERTED)

Slack:                    inf
  Source:                 cpu/dat/IR/Q_reg[5]/C
                            (rising edge-triggered cell FDRE)
  Destination:            cpu/dat/Data_Mem0/DATAMEM_reg/ADDRBWRADDR[10]
                            (falling edge-triggered cell RAMB18E1 clocked by sys_clk_pin  {rise@0.000ns fall@5.000ns period=10.000ns})
  Path Group:             (none)
  Path Type:              Hold (Min at Fast Process Corner)
  Data Path Delay:        0.430ns  (logic 0.141ns (32.797%)  route 0.289ns (67.203%))
  Logic Levels:           1  (FDRE=1)
  Clock Uncertainty:      0.025ns  ((TSJ^2 + TIJ^2)^1/2 + DJ) / 2 + PE
    Total System Jitter     (TSJ):    0.050ns
    Total Input Jitter      (TIJ):    0.000ns
    Discrete Jitter          (DJ):    0.000ns
    Phase Error              (PE):    0.000ns

    Location             Delay type                Incr(ns)  Path(ns)    Netlist Resource(s)
  -------------------------------------------------------------------    -------------------
    SLICE_X48Y30         FDRE                         0.000     0.000 r  cpu/dat/IR/Q_reg[5]/C
    SLICE_X48Y30         FDRE (Prop_fdre_C_Q)         0.141     0.141 r  cpu/dat/IR/Q_reg[5]/Q
                         net (fo=9, routed)           0.289     0.430    cpu/dat/Data_Mem0/ADDRARDADDR[5]
    RAMB18_X1Y12         RAMB18E1                                     r  cpu/dat/Data_Mem0/DATAMEM_reg/ADDRBWRADDR[10]
  -------------------------------------------------------------------    -------------------

                         (clock sys_clk_pin fall edge)
                                                      5.000     5.000 f  <hidden>
    W5                                                0.000     5.000 f  CLK100MHZ
                         net (fo=0)                   0.000     5.000    CLK100MHZ
    W5                   IBUF (Prop_ibuf_I_O)         0.414     5.414 f  CLK100MHZ_IBUF_inst/O
                         net (fo=1, routed)           0.685     6.099    CLK100MHZ_IBUF
    BUFGCTRL_X0Y1        BUFG (Prop_bufg_I_O)         0.029     6.128 f  CLK100MHZ_IBUF_BUFG_inst/O
                         net (fo=25, routed)          0.869     6.997    cpu/dat/Data_Mem0/DATAMEM_reg_0
    RAMB18_X1Y12         RAMB18E1                                     r  cpu/dat/Data_Mem0/DATAMEM_reg/CLKBWRCLK  (IS_INVERTED)

Slack:                    inf
  Source:                 cpu/dat/IR/Q_reg[4]/C
                            (rising edge-triggered cell FDRE)
  Destination:            cpu/dat/Data_Mem0/DATAMEM_reg/ADDRBWRADDR[9]
                            (falling edge-triggered cell RAMB18E1 clocked by sys_clk_pin  {rise@0.000ns fall@5.000ns period=10.000ns})
  Path Group:             (none)
  Path Type:              Hold (Min at Fast Process Corner)
  Data Path Delay:        0.437ns  (logic 0.141ns (32.296%)  route 0.296ns (67.704%))
  Logic Levels:           1  (FDRE=1)
  Clock Uncertainty:      0.025ns  ((TSJ^2 + TIJ^2)^1/2 + DJ) / 2 + PE
    Total System Jitter     (TSJ):    0.050ns
    Total Input Jitter      (TIJ):    0.000ns
    Discrete Jitter          (DJ):    0.000ns
    Phase Error              (PE):    0.000ns

    Location             Delay type                Incr(ns)  Path(ns)    Netlist Resource(s)
  -------------------------------------------------------------------    -------------------
    SLICE_X49Y31         FDRE                         0.000     0.000 r  cpu/dat/IR/Q_reg[4]/C
    SLICE_X49Y31         FDRE (Prop_fdre_C_Q)         0.141     0.141 r  cpu/dat/IR/Q_reg[4]/Q
                         net (fo=10, routed)          0.296     0.437    cpu/dat/Data_Mem0/ADDRARDADDR[4]
    RAMB18_X1Y12         RAMB18E1                                     r  cpu/dat/Data_Mem0/DATAMEM_reg/ADDRBWRADDR[9]
  -------------------------------------------------------------------    -------------------

                         (clock sys_clk_pin fall edge)
                                                      5.000     5.000 f  <hidden>
    W5                                                0.000     5.000 f  CLK100MHZ
                         net (fo=0)                   0.000     5.000    CLK100MHZ
    W5                   IBUF (Prop_ibuf_I_O)         0.414     5.414 f  CLK100MHZ_IBUF_inst/O
                         net (fo=1, routed)           0.685     6.099    CLK100MHZ_IBUF
    BUFGCTRL_X0Y1        BUFG (Prop_bufg_I_O)         0.029     6.128 f  CLK100MHZ_IBUF_BUFG_inst/O
                         net (fo=25, routed)          0.869     6.997    cpu/dat/Data_Mem0/DATAMEM_reg_0
    RAMB18_X1Y12         RAMB18E1                                     r  cpu/dat/Data_Mem0/DATAMEM_reg/CLKBWRCLK  (IS_INVERTED)

Slack:                    inf
  Source:                 cpu/dat/IR/Q_reg[4]/C
                            (rising edge-triggered cell FDRE)
  Destination:            cpu/dat/Data_Mem0/DATAMEM_reg/ADDRARDADDR[9]
                            (falling edge-triggered cell RAMB18E1 clocked by sys_clk_pin  {rise@0.000ns fall@5.000ns period=10.000ns})
  Path Group:             (none)
  Path Type:              Hold (Min at Fast Process Corner)
  Data Path Delay:        0.438ns  (logic 0.141ns (32.181%)  route 0.297ns (67.819%))
  Logic Levels:           1  (FDRE=1)
  Clock Uncertainty:      0.025ns  ((TSJ^2 + TIJ^2)^1/2 + DJ) / 2 + PE
    Total System Jitter     (TSJ):    0.050ns
    Total Input Jitter      (TIJ):    0.000ns
    Discrete Jitter          (DJ):    0.000ns
    Phase Error              (PE):    0.000ns

    Location             Delay type                Incr(ns)  Path(ns)    Netlist Resource(s)
  -------------------------------------------------------------------    -------------------
    SLICE_X49Y31         FDRE                         0.000     0.000 r  cpu/dat/IR/Q_reg[4]/C
    SLICE_X49Y31         FDRE (Prop_fdre_C_Q)         0.141     0.141 r  cpu/dat/IR/Q_reg[4]/Q
                         net (fo=10, routed)          0.297     0.438    cpu/dat/Data_Mem0/ADDRARDADDR[4]
    RAMB18_X1Y12         RAMB18E1                                     r  cpu/dat/Data_Mem0/DATAMEM_reg/ADDRARDADDR[9]
  -------------------------------------------------------------------    -------------------

                         (clock sys_clk_pin fall edge)
                                                      5.000     5.000 f  <hidden>
    W5                                                0.000     5.000 f  CLK100MHZ
                         net (fo=0)                   0.000     5.000    CLK100MHZ
    W5                   IBUF (Prop_ibuf_I_O)         0.414     5.414 f  CLK100MHZ_IBUF_inst/O
                         net (fo=1, routed)           0.685     6.099    CLK100MHZ_IBUF
    BUFGCTRL_X0Y1        BUFG (Prop_bufg_I_O)         0.029     6.128 f  CLK100MHZ_IBUF_BUFG_inst/O
                         net (fo=25, routed)          0.871     6.999    cpu/dat/Data_Mem0/DATAMEM_reg_0
    RAMB18_X1Y12         RAMB18E1                                     r  cpu/dat/Data_Mem0/DATAMEM_reg/CLKARDCLK  (IS_INVERTED)

Slack:                    inf
  Source:                 cpu/dat/Reg_B/Q_reg[0]/C
                            (rising edge-triggered cell FDCE)
  Destination:            cpu/dat/Data_Mem0/DATAMEM_reg/DIADI[0]
                            (falling edge-triggered cell RAMB18E1 clocked by sys_clk_pin  {rise@0.000ns fall@5.000ns period=10.000ns})
  Path Group:             (none)
  Path Type:              Hold (Min at Fast Process Corner)
  Data Path Delay:        0.496ns  (logic 0.186ns (37.499%)  route 0.310ns (62.501%))
  Logic Levels:           2  (FDCE=1 LUT3=1)
  Clock Uncertainty:      0.025ns  ((TSJ^2 + TIJ^2)^1/2 + DJ) / 2 + PE
    Total System Jitter     (TSJ):    0.050ns
    Total Input Jitter      (TIJ):    0.000ns
    Discrete Jitter          (DJ):    0.000ns
    Phase Error              (PE):    0.000ns

    Location             Delay type                Incr(ns)  Path(ns)    Netlist Resource(s)
  -------------------------------------------------------------------    -------------------
    SLICE_X48Y28         FDCE                         0.000     0.000 r  cpu/dat/Reg_B/Q_reg[0]/C
    SLICE_X48Y28         FDCE (Prop_fdce_C_Q)         0.141     0.141 r  cpu/dat/Reg_B/Q_reg[0]/Q
                         net (fo=5, routed)           0.120     0.261    cpu/dat/Reg_B/Q_reg[31]_0[0]
    SLICE_X49Y28         LUT3 (Prop_lut3_I0_O)        0.045     0.306 r  cpu/dat/Reg_B/DATAMEM_reg_i_18/O
                         net (fo=1, routed)           0.190     0.496    cpu/dat/Data_Mem0/DIADI[0]
    RAMB18_X1Y12         RAMB18E1                                     r  cpu/dat/Data_Mem0/DATAMEM_reg/DIADI[0]
  -------------------------------------------------------------------    -------------------

                         (clock sys_clk_pin fall edge)
                                                      5.000     5.000 f  <hidden>
    W5                                                0.000     5.000 f  CLK100MHZ
                         net (fo=0)                   0.000     5.000    CLK100MHZ
    W5                   IBUF (Prop_ibuf_I_O)         0.414     5.414 f  CLK100MHZ_IBUF_inst/O
                         net (fo=1, routed)           0.685     6.099    CLK100MHZ_IBUF
    BUFGCTRL_X0Y1        BUFG (Prop_bufg_I_O)         0.029     6.128 f  CLK100MHZ_IBUF_BUFG_inst/O
                         net (fo=25, routed)          0.869     6.997    cpu/dat/Data_Mem0/DATAMEM_reg_0
    RAMB18_X1Y12         RAMB18E1                                     r  cpu/dat/Data_Mem0/DATAMEM_reg/CLKBWRCLK  (IS_INVERTED)

Slack:                    inf
  Source:                 cpu/dat/Reg_B/Q_reg[17]/C
                            (rising edge-triggered cell FDCE)
  Destination:            cpu/dat/Data_Mem0/DATAMEM_reg/DIBDI[1]
                            (falling edge-triggered cell RAMB18E1 clocked by sys_clk_pin  {rise@0.000ns fall@5.000ns period=10.000ns})
  Path Group:             (none)
  Path Type:              Hold (Min at Fast Process Corner)
  Data Path Delay:        0.501ns  (logic 0.209ns (41.693%)  route 0.292ns (58.307%))
  Logic Levels:           2  (FDCE=1 LUT3=1)
  Clock Uncertainty:      0.025ns  ((TSJ^2 + TIJ^2)^1/2 + DJ) / 2 + PE
    Total System Jitter     (TSJ):    0.050ns
    Total Input Jitter      (TIJ):    0.000ns
    Discrete Jitter          (DJ):    0.000ns
    Phase Error              (PE):    0.000ns

    Location             Delay type                Incr(ns)  Path(ns)    Netlist Resource(s)
  -------------------------------------------------------------------    -------------------
    SLICE_X46Y31         FDCE                         0.000     0.000 r  cpu/dat/Reg_B/Q_reg[17]/C
    SLICE_X46Y31         FDCE (Prop_fdce_C_Q)         0.164     0.164 r  cpu/dat/Reg_B/Q_reg[17]/Q
                         net (fo=9, routed)           0.095     0.259    cpu/dat/Reg_B/Q_reg[31]_0[17]
    SLICE_X47Y31         LUT3 (Prop_lut3_I0_O)        0.045     0.304 r  cpu/dat/Reg_B/DATAMEM_reg_i_33/O
                         net (fo=1, routed)           0.197     0.501    cpu/dat/Data_Mem0/DIBDI[1]
    RAMB18_X1Y12         RAMB18E1                                     r  cpu/dat/Data_Mem0/DATAMEM_reg/DIBDI[1]
  -------------------------------------------------------------------    -------------------

                         (clock sys_clk_pin fall edge)
                                                      5.000     5.000 f  <hidden>
    W5                                                0.000     5.000 f  CLK100MHZ
                         net (fo=0)                   0.000     5.000    CLK100MHZ
    W5                   IBUF (Prop_ibuf_I_O)         0.414     5.414 f  CLK100MHZ_IBUF_inst/O
                         net (fo=1, routed)           0.685     6.099    CLK100MHZ_IBUF
    BUFGCTRL_X0Y1        BUFG (Prop_bufg_I_O)         0.029     6.128 f  CLK100MHZ_IBUF_BUFG_inst/O
                         net (fo=25, routed)          0.869     6.997    cpu/dat/Data_Mem0/DATAMEM_reg_0
    RAMB18_X1Y12         RAMB18E1                                     r  cpu/dat/Data_Mem0/DATAMEM_reg/CLKBWRCLK  (IS_INVERTED)





